customer_id,Recency,Frequency,Monetary,Cluster
1,8,11,9084.45,1
2,129,3,4149.07,3
3,103,8,9888.23,1
4,196,2,1047.72,3
5,17,6,5903.2,2
6,65,5,5931.6900000000005,2
7,254,3,995.38,3
8,23,10,12024.759999999998,1
9,79,6,5357.549999999999,2
10,34,6,7067.83,2
11,47,6,6779.4400000000005,2
12,68,7,6394.21,2
13,28,7,7734.74,2
14,48,4,3593.57,0
15,36,6,4923.34,2
16,100,5,7763.79,2
17,1,5,4676.1900000000005,0
18,135,7,8878.62,2
19,103,3,4238.1900000000005,0
20,32,4,6618.86,0
21,7,5,7446.21,2
22,98,8,9546.35,1
23,11,7,8415.53,2
24,18,8,8078.950000000001,2
25,6,12,9996.33,1
26,114,3,3943.12,3
27,144,7,7679.97,2
28,84,6,5492.900000000001,2
29,23,9,10855.57,1
30,12,3,3736.5199999999995,0
31,90,4,3110.0,0
32,139,7,7873.18,2
33,39,7,9384.23,2
34,103,9,13133.0,1
35,93,4,4182.28,0
36,164,2,1781.04,3
37,8,9,11291.71,1
38,51,4,4502.59,0
39,35,12,11237.19,1
40,15,6,6175.2699999999995,2
41,30,9,9114.15,1
42,112,4,1936.46,3
43,62,9,6574.59,2
44,36,7,7497.4,2
45,44,3,2912.33,0
46,54,5,4923.139999999999,0
47,36,7,8022.01,2
48,83,8,9654.119999999999,1
49,37,5,7582.92,2
50,27,8,9252.66,1
51,56,8,9667.460000000001,1
52,5,7,10106.57,1
53,8,5,5472.74,0
54,68,7,9813.66,2
55,47,8,6754.21,2
56,3,7,5060.86,2
57,36,6,8748.75,2
58,21,8,6967.3099999999995,2
59,23,3,2797.47,0
60,201,2,1526.9,3
61,48,7,8397.28,2
62,6,6,5845.950000000001,2
63,69,3,4156.66,0
64,4,5,4111.12,0
65,137,6,8056.469999999999,2
66,44,5,6489.33,2
67,117,5,5304.15,3
68,85,3,5127.98,0
69,21,6,8395.75,2
70,5,5,4801.11,0
71,132,1,1415.01,3
72,23,5,4360.42,0
73,169,6,5265.87,3
74,29,3,2985.64,0
75,61,8,7130.63,2
76,2,8,7425.04,2
77,102,3,2964.73,0
78,212,2,1139.12,3
79,44,6,6761.43,2
80,29,10,12564.82,1
81,5,4,4421.7,0
82,79,5,5293.91,0
83,81,6,4464.65,2
84,29,7,5464.650000000001,2
85,38,6,3158.6299999999997,0
86,1,9,7319.35,1
87,19,9,7994.73,1
88,75,6,5550.83,2
89,5,9,12741.44,1
90,31,7,7703.58,2
91,10,8,8066.4400000000005,2
92,35,3,5098.43,0
93,80,3,5276.129999999999,0
94,34,7,8305.77,2
95,39,4,5049.799999999999,0
96,71,4,3874.84,0
97,103,8,8895.95,2
98,123,5,6180.05,3
99,3,9,8279.06,1
100,12,2,2748.2,0
101,9,4,4309.82,0
102,43,7,6659.22,2
103,50,5,4909.84,0
104,65,9,8985.64,1
105,90,4,6234.35,0
106,2,3,2906.16,0
107,82,4,3345.1000000000004,0
108,11,3,3556.66,0
109,9,10,10661.51,1
110,15,7,7788.71,2
111,148,4,4873.0599999999995,3
112,48,6,9059.89,2
113,176,6,5412.969999999999,3
114,71,4,3233.0,0
115,15,8,8398.18,2
116,13,8,5663.92,2
117,6,10,12856.83,1
118,70,5,5319.51,0
119,31,4,5217.66,0
120,130,3,3118.34,3
121,112,4,4327.44,3
122,9,5,6533.389999999999,2
123,192,4,5337.79,3
124,3,7,8272.15,2
125,84,10,7107.32,1
126,12,3,3448.12,0
127,24,10,9949.62,1
128,138,4,3679.75,3
129,179,4,4090.48,3
130,77,2,3340.42,0
131,206,6,8745.28,3
132,8,6,7365.93,2
133,27,5,3164.55,0
134,15,6,7170.95,2
135,116,7,6860.46,2
136,21,8,9406.85,1
137,28,5,3507.0499999999997,0
138,65,7,4927.35,2
139,27,9,10638.89,1
140,4,6,7649.34,2
141,160,3,4053.9800000000005,3
142,5,11,12474.74,1
143,14,4,4689.21,0
144,7,8,8961.14,1
145,29,7,8149.19,2
146,195,2,1973.29,3
147,35,6,8079.09,2
148,44,5,5808.83,2
149,19,6,7091.73,2
150,76,4,3630.96,0
151,1,8,13047.54,1
152,159,2,2941.37,3
153,65,7,7808.16,2
154,24,6,3558.31,0
155,9,3,4008.51,0
156,17,5,4831.58,0
157,136,4,2541.39,3
158,66,6,7221.05,2
159,67,6,6016.32,2
160,94,2,3024.58,0
161,160,1,1148.64,3
162,99,3,3317.47,0
163,115,2,3089.24,3
164,199,3,2583.85,3
165,9,9,9893.75,1
166,64,8,9737.72,1
167,15,9,9888.61,1
168,137,9,10135.25,1
169,62,3,2065.08,0
170,101,4,4254.31,0
171,19,9,9865.380000000001,1
172,12,8,10150.14,1
173,16,9,14061.48,1
174,12,10,12893.57,1
175,65,5,6008.03,2
176,23,5,6733.15,2
177,38,12,11826.34,1
178,33,4,3504.09,0
179,41,3,3168.84,0
180,12,7,7970.57,2
181,51,6,5663.9,2
182,14,7,9279.01,2
183,103,6,5947.98,2
184,33,3,3734.88,0
185,9,7,9254.279999999999,2
186,24,6,5550.85,2
187,15,7,6898.79,2
188,16,6,5126.07,2
189,4,5,8633.69,2
190,30,4,3083.07,0
191,106,1,1065.03,3
192,80,4,3836.29,0
193,25,5,7368.36,2
194,109,3,4313.530000000001,3
195,1,7,12479.46,1
196,147,8,6346.61,2
197,28,9,8456.02,1
198,59,9,11648.85,1
199,16,4,4323.860000000001,0
200,8,9,11117.36,1
201,29,8,9167.380000000001,1
202,19,3,2511.82,0
203,12,5,4376.26,0
204,28,8,11444.0,1
205,53,9,6904.88,2
206,78,4,5633.8099999999995,0
207,280,3,4448.26,3
208,28,5,5158.98,0
209,108,5,6093.4800000000005,2
210,23,6,8805.2,2
211,40,9,10073.76,1
212,188,2,2429.8,3
213,29,11,13555.56,1
214,57,6,6834.46,2
215,4,8,8485.16,1
216,17,5,5830.97,2
217,5,8,11465.25,1
218,15,5,4232.68,0
219,41,7,7915.57,2
220,16,6,7458.69,2
221,19,6,6729.84,2
222,21,2,2626.81,0
223,53,7,9805.5,2
224,2,6,6209.46,2
225,38,3,2416.13,0
226,117,2,1639.95,3
227,27,5,5589.13,0
228,78,5,5178.17,0
229,61,5,4473.07,0
230,37,11,11755.6,1
231,46,4,5338.64,0
232,142,6,4132.44,3
233,18,6,5218.62,2
234,12,10,11557.99,1
235,3,11,9629.61,1
236,7,4,5255.34,0
237,27,8,7156.79,2
238,108,5,5838.6,2
239,2,9,12986.130000000001,1
240,89,6,5689.53,2
241,48,4,3855.87,0
242,132,7,7798.25,2
243,75,6,8818.380000000001,2
244,195,4,6290.66,3
245,13,5,4855.26,0
246,28,9,9724.98,1
247,113,7,9778.37,2
248,135,7,8902.16,2
249,48,9,6569.14,2
250,32,7,9866.27,1
251,39,4,3425.0,0
252,63,5,5565.48,0
253,18,5,2932.39,0
254,42,7,9801.07,2
255,58,12,14949.91,1
256,1,5,5861.16,0
257,93,5,7616.05,2
258,19,5,4816.4,0
259,28,4,5329.9400000000005,0
260,9,9,8587.0,1
261,51,9,9137.67,1
262,11,5,4597.37,0
263,47,7,7902.84,2
264,49,5,4018.37,0
265,80,4,4809.14,0
266,33,4,4191.43,0
267,131,4,5029.25,3
268,70,4,5104.56,0
269,169,5,5215.37,3
270,8,7,7413.610000000001,2
271,203,2,2293.0200000000004,3
272,92,7,7345.17,2
273,29,10,11372.24,1
274,150,4,2597.6800000000003,3
275,133,7,8902.17,2
276,4,6,6112.08,2
277,22,4,4539.22,0
278,249,1,1228.07,3
279,15,6,3817.17,0
280,44,11,12587.58,1
281,10,4,3537.46,0
282,70,2,2565.84,0
283,92,6,8380.59,2
284,134,5,5874.839999999999,3
285,8,6,6725.29,2
286,138,4,6402.0599999999995,3
287,139,1,2083.94,3
288,45,4,3936.5699999999997,0
289,45,10,11383.07,1
290,12,5,5912.93,2
291,41,2,983.55,0
292,59,7,8825.97,2
293,11,5,5175.56,0
294,116,7,8719.14,2
295,35,7,5956.46,2
296,9,3,4016.36,0
297,9,4,5674.71,0
298,9,11,12420.52,1
299,93,7,10296.12,2
300,157,5,7003.74,3
301,94,2,361.78,0
302,277,2,2024.93,3
303,44,3,3874.1800000000003,0
304,81,9,7284.7,2
305,34,7,6385.26,2
306,124,2,1362.46,3
307,16,9,9818.0,1
308,26,6,7432.02,2
309,10,4,5475.93,0
310,9,7,9065.04,2
311,62,6,7559.06,2
312,14,6,7564.12,2
313,18,6,8979.0,2
314,21,8,6264.7300000000005,2
315,28,9,7677.51,1
316,12,4,3813.84,0
317,52,5,6692.47,2
318,10,7,9276.07,2
319,72,5,7051.54,2
320,13,10,11721.06,1
321,13,5,5405.99,0
322,2,12,14782.23,1
323,36,6,4992.110000000001,2
324,22,5,2711.14,0
325,134,7,9377.09,2
326,162,3,3419.08,3
327,17,5,6108.21,2
328,5,8,5739.53,2
329,35,6,5425.24,2
330,108,6,8513.2,2
331,83,7,8593.36,2
332,264,2,1362.46,3
333,23,7,6422.91,2
334,57,6,6125.9,2
335,25,2,2234.34,0
336,83,5,3711.9500000000003,0
337,38,6,5855.57,2
338,11,7,8578.51,2
339,59,5,6459.18,2
340,31,8,8079.91,2
341,135,2,3532.9399999999996,3
342,94,4,2455.7599999999998,0
343,104,9,10378.0,1
344,9,9,11386.87,1
345,20,7,7446.139999999999,2
346,13,9,8874.36,1
347,60,7,12360.26,1
348,126,6,5562.58,2
349,167,5,4619.93,3
350,5,6,4728.13,2
351,12,2,2832.11,0
352,26,6,8533.27,2
353,24,11,13721.09,1
354,68,6,5392.11,2
355,46,5,4674.02,0
356,62,5,5765.9,2
357,16,8,8779.220000000001,1
358,71,2,2129.82,0
359,9,10,8564.63,1
360,9,5,6069.39,2
361,147,7,6592.67,2
362,1,5,3486.48,0
363,15,6,11621.14,1
364,12,6,6791.39,2
365,51,7,8188.29,2
366,116,6,5867.110000000001,2
367,44,6,7014.01,2
368,14,9,9300.06,1
369,102,8,9536.35,1
370,112,7,7633.95,2
371,10,5,6859.8,2
372,32,8,6870.42,2
373,224,1,1466.68,3
374,14,6,7756.64,2
375,92,4,3460.33,0
376,44,3,1981.8899999999999,0
377,7,13,11607.86,1
378,125,7,5827.91,2
379,146,2,2849.83,3
380,36,8,10261.59,1
381,3,8,8019.8,2
382,36,7,6536.92,2
383,52,3,3922.8999999999996,0
384,86,5,5068.24,0
385,79,9,10758.23,1
386,67,5,5445.4400000000005,0
387,32,3,5303.1,0
388,56,3,2857.55,0
389,114,6,3948.4300000000003,3
390,77,6,4490.52,2
391,57,4,3132.87,0
392,102,7,8157.6,2
393,147,2,2728.3599999999997,3
394,46,8,7818.74,2
395,31,7,7802.49,2
396,30,6,6560.6900000000005,2
397,46,6,4641.1,2
398,13,7,4446.48,2
399,50,6,7848.56,2
400,135,5,4266.01,3
401,30,7,7478.68,2
402,57,6,8148.22,2
403,57,6,6122.63,2
404,19,9,9330.26,1
405,15,6,7468.88,2
406,107,6,5892.509999999999,2
407,10,9,7837.83,1
408,18,5,5252.97,0
409,14,4,3610.11,0
410,7,7,5472.9,2
411,188,5,5130.24,3
412,28,3,3041.12,0
413,168,5,5306.63,3
414,48,6,4770.45,2
415,249,2,3670.0,3
416,89,5,4670.05,0
417,71,8,9905.65,1
418,29,6,6298.139999999999,2
419,15,7,7917.43,2
420,60,10,11080.54,1
421,57,6,7222.93,2
422,134,4,5465.0,3
423,142,5,5058.62,3
424,75,7,9036.62,2
425,26,7,10925.23,1
426,60,9,10506.86,1
427,110,4,4678.55,3
428,52,8,9009.45,1
429,19,8,8631.57,1
430,66,6,7494.51,2
431,99,2,3232.46,0
432,22,8,9237.06,1
433,16,9,10236.83,1
434,298,2,1945.46,3
435,103,4,5669.1,0
436,51,3,3374.59,0
437,49,6,5595.76,2
438,52,8,12777.29,1
439,100,6,6584.91,2
440,12,8,7773.05,2
441,63,3,2910.7200000000003,0
442,14,7,5714.68,2
443,5,7,7525.93,2
444,46,7,7147.11,2
445,25,11,14593.220000000001,1
446,53,8,10683.11,1
447,1,6,6502.92,2
448,189,5,6085.0599999999995,3
449,134,6,6240.950000000001,2
450,83,4,5369.55,0
451,67,6,5925.52,2
452,25,5,3872.4300000000003,0
453,42,8,6220.21,2
454,50,7,9662.82,2
455,68,3,4076.17,0
456,89,5,6261.639999999999,2
457,116,5,6553.5199999999995,2
458,27,5,3615.63,0
459,39,5,6449.13,2
460,18,4,5012.97,0
461,21,8,10366.86,1
462,143,6,7830.79,2
463,60,7,7679.47,2
464,10,6,8289.86,2
465,5,6,4766.91,2
466,41,7,6597.52,2
467,170,7,9085.53,2
468,95,6,7264.86,2
469,102,10,7566.66,1
470,10,7,7158.48,2
471,49,6,6243.62,2
472,50,5,5989.66,2
473,116,9,12033.62,1
474,98,2,2107.8199999999997,0
475,25,7,5131.25,2
476,10,4,4416.9,0
477,36,5,5899.43,2
478,4,9,8880.93,1
479,77,9,8781.24,1
480,18,2,3179.31,0
481,15,2,2156.44,0
482,76,10,11870.130000000001,1
483,41,7,8372.11,2
484,20,5,5694.35,0
485,15,6,5662.3099999999995,2
486,92,5,7323.58,2
487,140,2,1875.15,3
488,28,7,4859.099999999999,2
489,125,5,5450.6900000000005,3
490,54,9,9886.75,1
491,69,7,6140.67,2
492,90,4,5248.15,0
493,76,3,607.78,0
494,134,3,2524.5299999999997,3
495,129,6,6120.139999999999,2
496,46,4,3612.19,0
497,60,4,2772.15,0
498,8,7,9834.95,1
499,56,11,8960.43,1
500,25,8,9381.92,1
501,129,4,3118.51,3
502,132,5,4852.31,3
503,84,4,3993.05,0
504,137,8,7145.67,2
505,15,5,6456.41,2
506,57,10,14208.25,1
507,37,8,9146.18,1
508,156,6,7648.2,3
509,90,6,6017.45,2
510,60,2,3333.38,0
511,12,5,4598.69,0
512,96,4,4233.95,0
513,15,5,5958.04,2
514,124,5,7401.06,2
515,15,9,12264.8,1
516,20,10,9021.7,1
517,11,6,5083.11,2
518,262,3,3288.99,3
519,56,4,4470.85,0
520,17,5,2566.04,0
521,155,2,1849.5700000000002,3
522,42,4,3520.19,0
523,19,6,6485.21,2
524,139,7,6400.86,2
525,120,8,10372.68,1
526,155,3,2674.66,3
527,44,2,2476.84,0
528,135,7,7737.110000000001,2
529,13,6,6036.22,2
530,163,3,2816.79,3
531,62,6,5691.58,2
532,29,6,7503.2699999999995,2
533,3,6,8210.1,2
534,7,8,8223.81,2
535,74,2,1679.29,0
536,33,4,4912.82,0
537,50,3,2906.29,0
538,5,7,8944.21,2
539,37,8,7188.39,2
540,80,6,4419.63,2
541,138,5,6244.03,3
542,39,6,6399.45,2
543,1,5,4605.8,0
544,174,4,4228.66,3
545,7,6,8697.36,2
546,38,5,7164.9,2
547,75,6,5913.53,2
548,11,7,7497.25,2
549,41,8,7971.78,2
550,15,5,4546.57,0
551,153,4,3722.38,3
552,160,4,2960.2700000000004,3
553,20,6,6913.18,2
554,39,3,2306.3799999999997,0
555,166,4,5261.73,3
556,10,5,6960.33,2
557,182,2,1834.45,3
558,36,7,6984.320000000001,2
559,7,4,4129.68,0
560,42,6,7033.26,2
561,29,6,5776.22,2
562,37,5,3686.94,0
563,34,7,5492.75,2
564,12,6,7415.54,2
565,105,10,12454.34,1
566,53,3,2893.23,0
567,61,4,1621.62,0
568,92,7,5025.95,2
569,99,4,7560.33,2
570,36,6,6987.99,2
571,73,3,3718.5299999999997,0
572,14,6,5372.65,2
573,106,2,2449.81,3
574,278,4,4757.79,3
575,249,2,1998.31,3
576,8,6,9475.42,2
577,3,11,10515.0,1
578,200,7,6301.1,3
579,53,9,10450.34,1
580,25,5,4456.28,0
581,54,4,5597.1900000000005,0
582,150,4,4163.0599999999995,3
583,32,4,4129.98,0
584,133,4,3399.5199999999995,3
585,98,7,8197.14,2
586,91,4,5603.92,0
587,54,7,8623.87,2
588,20,5,6053.33,2
589,11,3,3259.93,0
590,44,12,14475.62,1
591,222,2,1083.8,3
592,200,4,3192.94,3
593,2,6,5682.77,2
594,34,9,11996.12,1
595,185,3,3268.42,3
596,86,3,4864.71,0
597,62,5,4299.400000000001,0
598,132,7,5976.1900000000005,2
599,116,5,7250.75,2
600,207,3,3893.54,3
601,59,5,5216.139999999999,0
602,78,5,5591.28,2
603,50,7,8284.07,2
604,70,6,8162.76,2
605,3,8,9180.130000000001,1
606,56,6,6229.09,2
607,59,10,12940.99,1
608,86,8,9260.29,1
609,37,4,3937.44,0
610,47,9,8135.95,1
611,4,8,10622.380000000001,1
612,2,5,5581.03,0
613,4,6,5898.85,2
614,19,9,8557.0,1
615,43,4,6230.81,0
616,93,4,5439.8099999999995,0
617,21,4,3343.8599999999997,0
618,309,2,2207.71,3
619,66,7,7042.71,2
620,104,8,5422.25,2
621,3,9,11872.470000000001,1
622,267,3,4498.0,3
623,94,3,5060.18,0
624,91,3,5079.93,0
625,17,6,5688.67,2
626,55,9,8102.299999999999,1
627,59,5,6786.53,2
628,55,5,5519.54,0
629,65,8,6490.53,2
630,54,7,9406.55,2
631,17,6,3211.98,0
632,42,3,3911.85,0
633,2,7,7054.02,2
634,18,8,7951.04,2
635,40,6,3988.82,0
636,20,7,7808.71,2
637,8,13,13899.73,1
638,61,8,10198.93,1
639,9,6,5831.55,2
640,11,8,11141.29,1
641,203,4,3853.34,3
642,25,7,5304.37,2
643,198,4,5034.78,3
644,158,3,1808.74,3
645,117,7,9008.59,2
646,111,4,4809.5199999999995,3
647,43,9,10703.609999999999,1
648,58,7,8410.93,2
649,12,5,1718.19,0
650,51,6,7082.77,2
651,19,3,5028.17,0
652,6,9,10240.87,1
653,38,5,4502.58,0
654,29,4,4666.55,0
655,52,6,8876.49,2
656,11,8,8438.35,1
657,77,6,6640.48,2
658,98,5,5305.31,0
659,147,3,5140.610000000001,3
660,13,4,5360.139999999999,0
661,35,6,5564.07,2
662,87,7,6635.87,2
663,74,4,5447.21,0
664,85,5,3998.82,0
665,86,8,9143.6,2
666,42,5,5173.84,0
667,20,5,5826.33,2
668,7,7,7399.77,2
669,9,11,12187.939999999999,1
670,117,4,4078.4,3
671,63,6,7450.68,2
672,51,3,4786.22,0
673,3,5,3435.2200000000003,0
674,116,6,6404.85,2
675,1,3,4204.51,0
676,34,6,6739.82,2
677,72,5,3703.87,0
678,95,4,3152.34,0
679,63,10,8300.07,1
680,15,4,5597.05,0
681,8,6,5888.74,2
682,21,7,8280.35,2
683,16,5,5616.71,0
684,43,8,6011.92,2
685,103,6,9271.630000000001,2
686,38,5,4622.87,0
687,9,6,2828.68,0
688,82,4,5647.04,0
689,13,3,3614.25,0
690,65,6,6516.74,2
691,40,8,9841.22,1
692,51,9,8189.47,1
693,11,5,6667.92,2
694,8,5,4359.78,0
695,17,8,10407.64,1
696,22,7,4822.78,2
697,12,4,5888.76,0
698,77,3,3362.66,0
699,56,3,2655.81,0
700,107,8,7960.03,2
701,33,6,6285.29,2
702,63,3,3825.6600000000003,0
703,2,5,7301.150000000001,2
704,11,10,10881.81,1
705,12,5,3745.1800000000003,0
706,31,6,10040.5,2
707,45,6,7563.61,2
708,176,3,3149.0299999999997,3
709,147,5,5948.8099999999995,3
710,40,7,9823.81,2
711,84,4,3784.83,0
712,62,8,9223.66,1
713,256,4,4564.42,3
714,60,11,10441.09,1
715,159,3,4278.66,3
716,13,6,6680.78,2
717,15,6,4696.91,2
718,35,8,6777.43,2
719,12,9,12020.0,1
720,21,10,13004.35,1
721,5,7,8883.609999999999,2
722,88,5,6548.61,2
723,16,8,7012.59,2
724,24,8,9812.699999999999,1
725,4,11,13048.82,1
726,55,3,5134.71,0
727,62,6,8768.09,2
728,26,9,10919.45,1
729,2,10,15826.0,1
730,15,7,6529.49,2
731,26,6,6259.200000000001,2
732,65,5,6099.150000000001,2
733,47,10,14532.51,1
734,90,3,3346.12,0
735,88,4,6814.03,2
736,12,6,5999.719999999999,2
737,55,7,7386.14,2
738,70,8,8764.37,2
739,2,10,9430.63,1
740,62,4,6155.53,0
741,149,5,3482.3,3
742,11,6,6918.96,2
743,90,5,6065.4400000000005,2
744,24,5,4149.55,0
745,12,4,2697.98,0
746,44,6,4853.96,2
747,36,2,1801.98,0
748,47,9,8538.05,1
749,81,9,7591.94,2
750,59,6,7506.73,2
751,131,2,386.48,3
752,21,8,8004.32,2
753,16,8,11935.380000000001,1
754,211,2,814.03,3
755,96,3,2071.7799999999997,0
756,26,6,3859.17,0
757,73,5,3967.6,0
758,28,2,651.02,0
759,24,9,8217.14,1
760,27,9,8569.289999999999,1
761,146,5,6483.68,3
762,86,5,3989.6800000000003,0
763,75,6,6989.88,2
764,80,4,4122.42,0
765,25,10,8794.98,1
766,17,6,4962.24,2
767,43,5,6197.59,2
768,6,9,9425.52,1
769,20,8,9694.79,1
770,50,6,6789.790000000001,2
771,125,6,5901.7,2
772,3,6,8421.58,2
773,73,8,10334.68,1
774,144,1,1311.44,3
775,59,7,6985.21,2
776,14,9,9151.17,1
777,28,6,5113.99,2
778,34,5,6292.889999999999,2
779,83,5,4372.34,0
780,89,3,3499.7200000000003,0
781,126,5,3763.4600000000005,3
782,26,6,10216.48,2
783,97,5,6170.6,2
784,144,2,760.18,3
785,19,6,4304.54,0
786,10,7,7114.27,2
787,76,10,11292.54,1
788,40,7,8089.72,2
789,5,8,4497.3,2
790,15,8,9306.61,1
791,124,6,6605.22,2
792,18,6,6907.9,2
793,2,10,12116.11,1
794,23,7,7832.74,2
795,19,5,5980.89,2
796,7,7,6097.05,2
797,22,4,4668.49,0
798,22,3,4285.05,0
799,11,11,14399.89,1
800,86,6,6283.9,2
801,183,2,1074.8,3
802,96,6,7508.74,2
803,67,6,3818.25,0
804,42,3,3480.5,0
805,123,6,6966.17,2
806,32,4,4854.46,0
807,81,4,4367.13,0
808,124,3,3676.8199999999997,3
809,46,4,3653.47,0
810,69,4,4539.42,0
811,175,4,2483.69,3
812,198,3,2694.8900000000003,3
813,51,5,4386.05,0
814,49,3,4661.23,0
815,28,6,7646.77,2
816,54,4,2934.97,0
817,17,5,5340.0,0
818,41,6,6141.46,2
819,44,5,5033.21,0
820,4,10,8742.57,1
821,34,5,4826.39,0
822,329,1,2005.66,3
823,24,6,9755.81,2
824,10,4,6017.27,0
825,11,8,6046.6900000000005,2
826,5,4,4829.57,0
827,50,8,9051.45,1
828,80,5,3777.5299999999997,0
829,13,6,9236.19,2
830,150,6,6106.9400000000005,3
831,12,5,4245.84,0
832,18,12,13562.13,1
833,26,8,8852.31,1
834,19,4,3595.5299999999997,0
835,8,8,8541.23,1
836,73,4,3562.2,0
837,158,3,3406.25,3
838,42,4,3724.8199999999997,0
839,107,4,2550.73,0
840,39,6,8144.96,2
841,151,7,10936.2,2
842,56,4,3639.46,0
843,3,6,4090.19,0
844,32,9,12523.55,1
845,98,4,3639.43,0
846,83,3,4385.62,0
847,115,5,5363.83,3
848,141,4,4711.04,3
849,28,6,6086.66,2
850,35,8,7476.79,2
851,10,4,5347.0,0
853,65,9,12711.369999999999,1
854,9,4,3992.51,0
855,105,4,7241.66,2
856,2,7,6845.04,2
857,25,5,6692.93,2
858,12,6,5654.55,2
859,19,6,6979.780000000001,2
860,92,4,7381.19,2
861,55,5,5226.41,0
862,55,1,774.53,0
863,70,4,2288.23,0
864,47,6,8911.39,2
865,122,7,7192.900000000001,2
866,99,5,7599.92,2
867,294,6,7947.42,3
868,84,6,7529.639999999999,2
870,62,8,6364.29,2
871,55,8,8700.560000000001,2
872,172,1,290.62,3
873,32,5,4426.2,0
874,47,8,8569.99,2
875,64,6,6933.69,2
876,17,3,2732.4700000000003,0
877,18,9,9182.89,1
878,80,3,4531.79,0
879,77,4,3356.34,0
880,63,3,4774.51,0
881,148,3,5353.86,3
882,113,5,6628.360000000001,2
883,48,4,2114.02,0
884,2,6,10922.09,1
885,8,3,3628.9399999999996,0
886,2,7,9025.03,2
887,40,8,10938.66,1
888,69,5,5750.62,2
889,37,5,4366.950000000001,0
890,166,4,4485.6,3
891,13,5,6442.05,2
892,91,10,9618.64,1
893,76,7,9202.85,2
894,49,8,7512.48,2
895,62,3,2714.21,0
896,39,4,4448.32,0
897,99,8,9629.18,1
898,206,1,478.16,3
899,50,6,4240.0599999999995,0
900,13,4,2446.44,0
901,83,4,6948.22,2
902,15,9,9408.53,1
903,17,9,10102.58,1
904,38,4,5063.82,0
905,106,8,6801.49,2
906,17,9,12920.289999999999,1
907,27,7,3448.87,2
908,5,7,4679.15,2
909,190,5,8560.51,3
910,273,2,1932.55,3
911,57,5,3792.6,0
912,41,7,7206.52,2
913,64,5,5573.5,0
914,107,5,5533.82,2
915,29,5,4802.6,0
916,37,5,5850.91,2
917,36,8,7452.88,2
918,17,6,6040.75,2
919,81,9,10701.04,1
920,91,6,6259.75,2
921,45,8,11852.14,1
922,189,2,1768.82,3
923,33,7,6019.1900000000005,2
924,110,9,8254.23,2
925,13,10,10850.689999999999,1
926,13,6,5627.58,2
927,296,3,3712.1099999999997,3
928,12,8,6370.69,2
929,57,5,4985.79,0
930,22,3,3196.47,0
931,71,5,6046.89,2
932,4,6,4854.48,2
933,1,5,7598.65,2
934,1,8,9379.6,1
935,54,7,8652.22,2
936,33,12,17160.24,1
937,16,5,4550.33,0
938,62,9,7675.22,2
939,32,4,5121.02,0
940,53,5,6172.42,2
941,34,10,17898.46,1
942,144,4,4111.12,3
943,113,7,9442.1,2
944,86,8,4915.05,2
945,15,7,9247.25,2
946,3,8,10866.75,1
947,81,6,6685.68,2
948,101,3,3541.6,0
949,89,6,6945.2699999999995,2
950,33,7,8329.7,2
951,7,6,4934.83,2
952,47,5,6239.17,2
953,12,9,10996.0,1
954,114,4,5686.3099999999995,3
955,14,7,3915.94,2
956,174,3,3675.74,3
957,39,5,4868.3,0
958,35,6,5470.129999999999,2
959,77,6,5701.85,2
960,79,4,5971.35,0
961,65,4,4158.360000000001,0
962,3,7,5930.2699999999995,2
963,61,12,12068.12,1
964,2,5,4224.59,0
965,61,4,5232.65,0
966,14,4,1885.61,0
967,67,4,5974.77,0
968,36,8,10289.75,1
969,18,5,6968.38,2
970,34,5,6237.67,2
971,49,5,5862.57,2
972,176,2,3318.8099999999995,3
973,9,8,12724.26,1
974,7,6,6929.71,2
975,11,9,9499.82,1
976,171,6,6710.5599999999995,3
977,42,5,5149.34,0
978,193,5,4373.97,3
979,6,5,7486.82,2
980,178,5,6299.04,3
981,26,7,9042.05,2
982,56,6,2794.7500000000005,0
983,2,8,9637.26,1
984,57,8,6208.719999999999,2
985,15,4,5554.1900000000005,0
986,76,8,8673.32,2
987,23,8,8979.65,1
988,113,2,769.14,3
989,26,6,6782.12,2
990,12,7,8441.6,2
991,148,6,7774.3,2
992,96,2,2986.45,0
993,1,9,8086.79,1
994,43,5,3901.01,0
995,12,7,9379.039999999999,2
996,64,6,7713.16,2
997,60,7,6397.73,2
998,322,2,1565.5500000000002,3
999,55,10,14662.14,1
1000,1,9,10183.7,1
1001,43,7,6233.51,2
1002,156,4,5038.32,3
1003,48,9,9111.19,1
1004,204,6,8437.87,3
1005,160,5,7863.76,3
1006,38,8,9481.25,1
1007,21,7,8532.46,2
1008,18,4,5409.6900000000005,0
1009,55,5,5787.36,2
1010,127,4,2816.75,3
1011,243,3,3940.1800000000003,3
1012,10,4,5094.62,0
1013,96,6,7207.57,2
1014,5,7,6269.75,2
1015,27,6,7096.79,2
1016,67,6,5697.8,2
1017,227,3,5234.68,3
1018,27,5,6164.88,2
1019,43,5,5805.35,2
1020,90,4,4075.21,0
1021,29,8,9624.45,1
1022,84,5,8161.4,2
1023,126,2,1579.3899999999999,3
1024,35,8,9592.029999999999,1
1025,61,8,8141.29,2
1026,30,7,5413.76,2
1027,25,6,6580.15,2
1028,9,7,12001.41,1
1029,31,6,6223.08,2
1030,40,8,10951.8,1
1031,47,3,2352.9300000000003,0
1032,31,8,6902.84,2
1033,15,9,12744.87,1
1034,105,2,1819.46,3
1035,14,3,1327.0600000000002,0
1036,163,5,7125.26,3
1037,74,8,6925.18,2
1038,13,4,6144.11,0
1039,53,7,9522.77,2
1040,162,4,4072.65,3
1041,21,4,4271.03,0
1042,36,3,4585.77,0
1043,131,10,14313.43,1
1044,113,5,4616.29,3
1045,114,3,4405.6,3
1046,53,5,3846.1,0
1047,58,8,6874.87,2
1048,134,7,6677.74,2
1049,33,10,11130.050000000001,1
1050,27,6,4722.12,2
1051,180,5,4878.8099999999995,3
1052,1,6,8478.41,2
1053,140,3,3482.79,3
1054,6,8,8433.75,1
1055,207,2,924.06,3
1056,25,7,7920.27,2
1057,49,4,5663.77,0
1058,117,3,2308.7200000000003,3
1059,23,2,2449.81,0
1060,188,6,9606.77,3
1061,25,6,4056.76,0
1062,3,6,7619.47,2
1063,47,6,5833.22,2
1064,140,3,5404.67,3
1065,80,6,4709.66,2
1066,167,3,2637.5299999999997,3
1067,233,2,1854.93,3
1068,5,14,14254.55,1
1069,205,5,6910.5,3
1070,1,4,5754.66,0
1071,40,6,7958.68,2
1072,47,3,3697.58,0
1073,18,6,6454.889999999999,2
1074,17,8,9370.01,1
1075,68,7,6623.97,2
1076,10,12,14390.1,1
1077,6,6,6570.4400000000005,2
1078,19,6,5117.1,2
1079,18,4,3829.1099999999997,0
1080,48,3,3133.43,0
1081,12,5,6119.719999999999,2
1082,48,5,4492.05,0
1083,267,2,2418.19,3
1084,5,11,11437.050000000001,1
1085,65,4,2487.7000000000003,0
1086,14,9,8640.220000000001,1
1087,15,3,3535.79,0
1088,14,6,6230.39,2
1089,152,7,6202.85,3
1090,72,7,5882.43,2
1091,5,11,10303.810000000001,1
1092,203,5,4893.719999999999,3
1093,100,9,12492.4,1
1094,44,7,7255.12,2
1095,15,4,6916.039999999999,0
1096,56,5,3865.37,0
1097,77,4,4367.8099999999995,0
1098,9,8,7594.29,2
1099,111,2,1248.96,3
1100,46,3,2767.35,0
1101,114,5,6377.620000000001,2
1102,22,8,8832.98,1
1103,33,12,15447.92,1
1104,12,7,6458.3,2
1105,17,2,3965.4399999999996,0
1106,25,9,11078.470000000001,1
1107,49,6,4394.39,2
1108,13,4,1790.0,0
1109,209,3,2411.02,3
1110,18,6,7310.36,2
1111,21,7,6922.7,2
1112,109,3,3589.44,3
1113,27,9,10999.37,1
1114,65,4,4156.4,0
1115,3,9,9270.03,1
1116,8,3,4932.34,0
1117,137,10,8604.73,1
1118,39,4,3365.19,0
1119,99,7,11866.59,1
1120,2,6,5386.26,2
1121,8,2,2973.36,0
1122,27,5,4714.81,0
1123,11,5,6742.5,2
1124,45,3,3731.08,0
1125,30,5,3793.5699999999997,0
1126,20,4,4725.4400000000005,0
1127,137,4,5261.43,3
1128,27,5,5855.4400000000005,2
1129,27,13,18349.27,1
1130,118,5,6301.28,2
1131,54,8,10787.84,1
1132,45,9,10548.14,1
1133,18,7,9050.01,2
1134,4,7,6797.39,2
1135,165,3,3530.65,3
1136,36,6,5600.86,2
1137,6,9,8092.31,1
1138,125,6,7506.16,2
1139,70,4,3684.36,0
1140,7,13,16199.24,1
1141,134,5,4507.79,3
1142,39,4,4828.39,0
1143,5,5,7112.88,2
1144,18,7,9425.65,2
1145,14,2,2382.7200000000003,0
1146,74,2,2213.67,0
1147,166,6,8766.869999999999,3
1148,9,3,3426.09,0
1149,189,4,5793.360000000001,3
1150,104,5,8439.82,2
1151,76,5,5819.58,2
1152,25,8,9434.77,1
1153,18,5,3306.2400000000002,0
1154,132,6,3442.7799999999997,3
1155,30,7,5342.13,2
1156,41,4,5965.4400000000005,0
1157,86,7,7726.53,2
1158,3,7,9091.98,2
1159,7,4,5803.34,0
1160,164,3,3192.0099999999998,3
1161,13,4,4151.98,0
1162,137,4,5369.27,3
1163,49,5,2853.67,0
1164,154,3,2164.22,3
1165,11,9,6796.88,2
1166,15,6,7638.8,2
1167,11,4,4106.64,0
1168,60,7,10263.16,1
1169,63,7,7605.57,2
1170,87,5,6345.1,2
1171,35,9,9811.45,1
1172,45,6,7200.46,2
1173,109,3,2042.9699999999998,3
1174,9,3,3466.9300000000003,0
1175,219,2,2449.24,3
1176,78,4,3909.54,0
1177,88,8,8367.47,2
1178,45,8,10226.15,1
1179,8,4,6441.950000000001,0
1180,60,4,3870.83,0
1181,45,10,9928.33,1
1182,6,8,9588.19,1
1183,154,5,7060.07,3
1184,6,6,7155.030000000001,2
1185,10,3,1957.15,0
1186,34,6,5299.35,2
1187,59,4,2382.42,0
1188,19,2,3043.9,0
1189,48,4,2894.1,0
1190,7,6,4050.13,0
1191,44,8,6925.33,2
1192,80,5,4306.09,0
1193,37,4,4694.62,0
1194,29,8,7829.33,2
1195,20,5,5178.38,0
1196,19,6,5307.82,2
1197,8,4,4455.89,0
1198,69,6,6397.58,2
1199,44,8,6090.45,2
1200,80,9,7735.860000000001,2
1201,83,3,2329.42,0
1202,86,3,4231.33,0
1203,8,1,1036.59,0
1204,25,3,2461.46,0
1205,23,9,11055.76,1
1206,84,2,3229.76,0
1207,14,7,4099.09,2
1208,78,5,6789.07,2
1209,132,2,2368.55,3
1210,18,9,10302.32,1
1211,235,4,2677.25,3
1212,72,3,3843.34,0
1213,70,7,8448.45,2
1214,24,4,4251.7,0
1215,78,8,7611.6,2
1216,8,4,3354.53,0
1217,11,7,8001.530000000001,2
1218,51,6,8266.59,2
1219,5,3,3070.27,0
1220,67,5,5406.34,0
1221,10,7,5309.76,2
1222,52,3,2947.03,0
1223,35,8,4991.75,2
1224,48,8,9722.51,1
1225,59,4,5271.6,0
1226,25,5,5188.65,0
1227,62,12,9340.67,1
1228,133,4,3561.17,3
1229,20,9,6854.87,2
1230,77,2,1824.33,0
1231,176,2,2000.5500000000002,3
1232,5,9,10746.19,1
1233,15,9,11281.31,1
1234,86,8,8027.4800000000005,2
1235,82,3,4340.25,0
1236,42,5,5581.9,0
1237,24,11,14112.4,1
1238,102,6,3831.42,0
1239,39,7,4496.44,2
1240,6,4,4634.82,0
1241,76,7,7065.74,2
1242,18,3,2670.4700000000003,0
1243,71,10,11625.08,1
1244,20,5,4737.43,0
1245,72,7,5886.29,2
1246,115,2,2963.46,3
1247,91,4,5835.85,0
1248,68,1,1661.92,0
1249,107,5,6448.09,2
1250,36,10,9534.19,1
1251,62,4,2360.34,0
1252,10,7,9665.09,1
1253,5,4,3836.34,0
1254,38,7,6791.62,2
1255,79,3,1726.6999999999998,0
1256,82,6,6083.15,2
1257,257,3,2708.91,3
1258,53,8,8945.56,1
1259,42,7,8470.17,2
1260,67,5,3845.9700000000003,0
1261,49,6,4878.62,2
1262,44,3,4584.04,0
1263,43,6,5354.29,2
1264,3,4,6000.92,0
1265,8,4,4449.86,0
1266,258,2,4182.94,3
1267,142,4,6352.41,3
1268,68,3,3021.9300000000003,0
1269,212,3,2962.88,3
1270,206,4,3962.16,3
1271,188,2,3387.5299999999997,3
1272,25,10,12199.83,1
1273,24,3,3050.3100000000004,0
1274,15,10,7482.33,1
1275,150,6,5698.139999999999,3
1276,101,2,2585.3,0
1277,56,3,2701.3900000000003,0
1278,65,4,6559.17,0
1279,53,6,6106.63,2
1280,107,4,4802.049999999999,0
1281,88,3,3403.18,0
1282,39,8,10069.949999999999,1
1283,94,2,2964.4,0
1284,79,3,418.80999999999995,0
1285,118,8,11638.83,1
1286,52,7,6400.92,2
1287,68,7,9575.2,2
1288,23,5,7824.94,2
1289,12,6,5578.72,2
1290,45,9,11890.97,1
1291,17,7,8651.92,2
1292,32,5,6404.32,2
1293,240,5,5896.44,3
1294,177,3,1722.97,3
1295,30,7,7146.77,2
1296,131,4,5977.84,3
1297,3,6,6037.48,2
1298,142,5,7471.98,3
1299,7,7,9845.31,1
1300,21,6,9217.35,2
1301,13,8,5396.44,2
1302,30,13,17035.83,1
1303,11,6,7278.72,2
1304,4,6,4316.4400000000005,0
1305,143,5,4862.79,3
1306,13,6,7121.24,2
1307,91,9,9888.54,1
1308,16,5,7509.25,2
1309,83,4,3547.44,0
1310,21,5,4177.02,0
1311,38,4,6207.49,0
1312,27,4,3066.41,0
1313,8,8,10174.59,1
1314,28,6,6419.91,2
1315,6,8,5675.12,2
1316,33,5,5704.709999999999,0
1317,11,9,15370.81,1
1318,8,7,7834.26,2
1319,17,5,6649.37,2
1320,95,6,4696.18,2
1321,104,7,5511.14,2
1322,64,4,6024.35,0
1323,54,7,3352.15,2
1324,75,7,6791.04,2
1325,83,1,416.98,0
1326,11,6,6384.110000000001,2
1327,7,5,5206.27,0
1328,1,7,10301.23,1
1329,5,11,14818.12,1
1330,76,6,8329.24,2
1331,6,10,11641.26,1
1332,32,8,9213.53,1
1333,8,3,3501.9,0
1334,241,2,3129.3199999999997,3
1335,53,7,7295.27,2
1336,79,6,6095.66,2
1337,84,6,6160.39,2
1338,232,2,1671.8400000000001,3
1339,103,5,6447.48,2
1340,29,8,7371.42,2
1341,11,4,2841.1,0
1342,4,5,5550.01,0
1343,21,4,4627.96,0
1344,22,3,1709.46,0
1345,44,6,8121.72,2
1346,16,9,10530.7,1
1347,92,6,6106.51,2
1348,115,5,7592.16,2
1349,44,6,4387.99,2
1350,117,2,2243.46,3
1351,18,6,8020.08,2
1352,89,3,2496.04,0
1353,15,9,7872.24,1
1354,75,3,3170.25,0
1355,9,5,5458.110000000001,0
1356,23,6,6474.389999999999,2
1357,13,10,14010.38,1
1358,4,8,8559.16,1
1359,13,2,2027.25,0
1360,182,3,3476.3199999999997,3
1361,29,7,8979.07,2
1362,119,2,2948.34,3
1363,25,7,7017.55,2
1364,65,5,5699.07,2
1365,218,4,2346.0800000000004,3
1366,55,5,4035.11,0
1367,12,7,4991.900000000001,2
1368,49,6,6882.69,2
1369,179,4,4920.55,3
1370,27,4,3173.01,0
1371,27,4,4146.6,0
1372,67,6,6444.01,2
1374,40,8,11213.68,1
1375,83,5,6008.95,2
1376,90,6,6902.15,2
1377,76,5,5783.17,2
1378,13,6,8072.719999999999,2
1379,29,5,6509.42,2
1380,199,3,4100.01,3
1381,114,5,7293.99,2
1382,123,2,2998.29,3
1383,58,4,4142.55,0
1384,37,6,6268.25,2
1385,143,5,7432.72,3
1386,107,3,3260.21,3
1387,216,1,1635.3,3
1388,20,6,6237.99,2
1389,50,9,10567.12,1
1390,2,9,9070.85,1
1391,64,3,3611.7799999999997,0
1392,108,3,4481.38,3
1393,2,3,2847.5,0
1394,172,4,4565.360000000001,3
1395,88,3,4039.38,0
1396,10,10,11434.630000000001,1
1397,138,6,7257.49,2
1398,37,7,8073.77,2
1399,17,4,6034.2,0
1400,57,7,9111.93,2
1401,82,4,3740.62,0
1402,41,8,7968.53,2
1403,165,2,1663.42,3
1404,8,10,9401.710000000001,1
1405,34,11,7668.83,1
1406,29,6,4605.35,2
1407,1,9,9199.51,1
1408,11,3,4975.92,0
1409,23,5,6232.56,2
1410,61,7,10217.49,1
1411,36,6,8273.8,2
1412,122,4,3403.46,3
1413,4,6,5581.84,2
1414,19,2,1758.44,0
1415,58,4,4962.58,0
1416,68,5,4467.3,0
1417,57,7,9187.68,2
1418,87,7,7705.58,2
1419,23,5,3385.2400000000002,0
1420,39,5,4965.84,0
1421,58,6,5452.030000000001,2
1422,39,8,7307.18,2
1423,25,6,7143.39,2
1424,77,3,3560.7,0
1425,1,4,4470.96,0
1426,49,7,5955.06,2
1427,60,6,6354.3,2
1428,16,10,11559.73,1
1429,32,7,5046.72,2
1430,109,6,5159.71,2
1431,20,4,3180.44,0
1432,34,6,5329.7300000000005,2
1433,132,3,4030.1099999999997,3
1434,125,2,2016.27,3
1435,34,7,8853.71,2
1436,73,5,5911.139999999999,2
1437,144,3,3495.9300000000003,3
1438,7,11,12392.71,1
1439,66,4,4947.7300000000005,0
1440,20,6,8415.02,2
1441,159,2,1628.66,3
1442,54,3,2305.03,0
1443,45,10,10803.14,1
1444,39,5,2497.0699999999997,0
1445,7,6,8482.71,2
1446,11,7,9653.68,1
1447,98,7,8905.630000000001,2
1448,238,1,642.31,3
1449,15,6,8326.130000000001,2
1450,43,7,8942.8,2
1451,32,7,7294.32,2
1452,3,5,5937.9800000000005,2
1453,1,5,6332.4,2
1454,6,5,5619.66,0
1455,33,5,5089.9,0
1456,9,4,1713.83,0
1457,66,7,7169.26,2
1458,199,3,4366.14,3
1459,99,4,5707.43,0
1460,13,8,14633.24,1
1461,19,7,8475.94,2
1462,82,6,5402.17,2
1463,111,5,5593.08,2
1464,107,7,6447.85,2
1465,108,4,3709.83,0
1466,34,3,3383.13,0
1467,14,7,5883.48,2
1468,25,7,7792.76,2
1469,75,6,5088.71,2
1470,2,8,8783.3,1
1471,6,5,5435.15,0
1472,70,7,8646.38,2
1473,33,11,11098.84,1
1474,67,5,5061.36,0
1475,47,8,11874.85,1
1476,25,2,2055.69,0
1477,20,9,9549.97,1
1478,2,8,7494.3,2
1479,16,6,5371.29,2
1480,3,9,7182.38,1
1481,21,9,9626.68,1
1482,69,12,14366.26,1
1483,30,8,7979.17,2
1484,15,5,3812.0,0
1485,5,2,1871.67,0
1486,33,5,4895.26,0
1487,18,2,617.38,0
1488,41,2,2561.77,0
1489,83,5,4051.77,0
1490,69,4,4593.42,0
1491,161,3,3208.6000000000004,3
1492,6,8,11326.9,1
1493,21,10,11653.87,1
1494,19,10,11747.52,1
1495,4,2,1217.97,0
1496,54,5,7189.5,2
1497,183,6,6257.94,3
1498,41,4,4031.87,0
1499,126,5,5880.2699999999995,3
1500,6,5,7075.5599999999995,2
1501,54,5,4317.1,0
1502,27,9,11571.9,1
1503,35,10,13725.13,1
1504,6,5,5266.7,0
1505,19,5,6155.87,2
1506,1,10,11058.14,1
1507,17,4,6661.28,0
1508,62,5,5437.08,0
1509,45,3,2949.6800000000003,0
1510,57,2,2588.77,0
1511,17,8,7012.24,2
1512,57,4,6281.98,0
1513,121,6,5632.32,2
1514,68,7,7863.42,2
1515,9,7,5844.51,2
1516,38,5,5692.96,0
1517,29,11,13750.08,1
1518,32,5,6263.77,2
1519,9,11,9090.05,1
1520,168,4,4369.87,3
1521,96,2,2287.37,0
1522,10,6,6500.01,2
1523,42,3,3736.42,0
1524,38,8,5784.92,2
1525,25,3,2983.65,0
1526,81,6,8545.73,2
1527,42,8,8695.82,2
1528,76,7,7880.17,2
1529,105,1,1810.0,3
1530,2,10,13634.73,1
1531,43,7,7667.54,2
1532,4,6,6446.1900000000005,2
1533,105,8,7532.76,2
1534,47,7,7048.71,2
1535,105,5,7008.0599999999995,2
1536,34,4,4914.46,0
1537,27,9,9589.18,1
1538,2,4,891.12,0
1539,66,8,6655.98,2
1540,6,6,7965.92,2
1541,71,5,6311.2,2
1542,134,5,5625.49,3
1543,75,3,2638.73,0
1544,330,1,1057.51,3
1545,3,7,6179.73,2
1546,70,7,6956.75,2
1547,28,9,12870.9,1
1548,38,3,2239.69,0
1549,4,7,5720.9800000000005,2
1550,43,6,5181.85,2
1551,23,7,7800.78,2
1552,100,5,6945.16,2
1553,85,4,4422.05,0
1554,21,7,9898.23,1
1555,134,7,7885.78,2
1556,85,5,6248.45,2
1557,76,7,9899.14,2
1558,9,9,13587.269999999999,1
1559,57,8,11795.54,1
1560,203,3,1348.02,3
1561,44,8,10601.55,1
1562,101,3,4066.11,0
1563,130,4,4845.110000000001,3
1564,14,3,2983.8,0
1565,10,2,3083.23,0
1566,87,4,2886.44,0
1567,25,7,10643.93,1
1568,140,5,7722.0599999999995,3
1569,54,1,1466.68,0
1570,34,9,9958.95,1
1571,4,4,6221.7300000000005,0
1572,83,6,10119.88,2
1573,65,4,5400.4400000000005,0
1574,74,10,9813.75,1
1575,87,4,4088.84,0
1576,38,8,7956.31,2
1577,13,7,7980.92,2
1578,17,7,9064.42,2
1579,41,10,12087.02,1
1580,56,8,7454.8099999999995,2
1581,37,8,7922.66,2
1582,56,5,5202.889999999999,0
1583,113,4,4888.05,3
1584,3,2,2749.7200000000003,0
1585,38,8,8002.97,2
1586,17,6,6104.44,2
1587,78,5,4992.59,0
1588,33,7,9131.54,2
1589,12,6,8549.57,2
1590,87,3,5130.389999999999,0
1591,30,12,13908.32,1
1592,101,4,5703.379999999999,0
1593,54,6,7569.45,2
1594,1,6,8475.63,2
1595,78,7,9792.89,2
1596,136,5,5697.98,3
1597,26,12,18052.68,1
1598,171,5,6297.23,3
1599,20,11,8164.88,1
1600,14,9,5904.32,2
1601,20,4,3901.84,0
1602,8,5,6779.29,2
1603,24,4,5471.889999999999,0
1604,100,3,3311.7200000000003,0
1605,182,3,3871.88,3
1606,43,5,6270.96,2
1607,2,5,4898.71,0
1608,13,3,2811.51,0
1609,62,5,6259.92,2
1610,9,5,6734.610000000001,2
1611,42,12,13692.47,1
1612,68,2,3904.22,0
1613,42,8,6670.94,2
1614,51,7,5571.04,2
1615,56,6,8856.76,2
1616,24,7,10413.51,1
1617,6,5,5926.27,2
1618,29,2,2033.21,0
1619,85,10,11466.11,1
1620,217,2,2947.04,3
1621,83,5,2804.08,0
1622,48,3,1952.29,0
1623,3,6,7686.06,2
1624,4,6,4424.39,0
1625,10,8,12809.369999999999,1
1626,256,2,1789.3799999999999,3
1627,25,8,10051.58,1
1628,134,2,3869.2699999999995,3
1629,2,7,8226.210000000001,2
1630,24,3,3699.7799999999997,0
1631,132,5,5204.3,3
1632,282,2,2114.26,3
1633,18,3,4623.68,0
1634,30,4,3683.93,0
1635,140,4,6745.71,3
1636,41,5,6065.61,2
1637,144,8,7801.63,2
1638,12,4,5237.9,0
1639,31,6,7481.219999999999,2
1640,63,7,5455.04,2
1641,64,9,9474.24,1
1642,85,5,4353.22,0
1643,39,8,9571.34,1
1644,23,7,8493.64,2
1645,91,7,4521.049999999999,2
1646,27,7,7426.27,2
1647,179,7,7932.610000000001,3
1648,14,4,4946.86,0
1649,72,3,4375.29,0
1650,11,5,4358.9,0
1651,98,5,2070.12,0
1652,97,6,7230.45,2
1653,34,5,5084.3,0
1654,85,4,4021.4700000000003,0
1655,17,3,3331.17,0
1656,85,7,8201.54,2
1657,62,6,5897.3099999999995,2
1658,281,4,3729.5499999999997,3
1659,81,7,8004.33,2
1660,77,6,4480.62,2
1661,219,6,8438.94,3
1662,63,5,3125.38,0
1663,14,6,8093.37,2
1664,43,7,8460.32,2
1665,69,8,8205.05,2
1666,79,4,5256.49,0
1667,77,7,9549.75,2
1668,5,6,6878.43,2
1669,60,6,6940.13,2
1670,61,9,8855.96,1
1671,44,4,3197.84,0
1672,43,13,14908.46,1
1673,134,3,1318.28,3
1674,49,5,1043.7,0
1675,102,4,4572.34,0
1676,88,5,6881.58,2
1677,99,8,8188.179999999999,2
1678,69,9,8841.869999999999,1
1679,137,4,5682.89,3
1680,113,3,5001.21,3
1681,19,5,5956.62,2
1682,83,6,10071.44,2
1683,83,9,12412.95,1
1684,17,6,4309.7,0
1685,26,2,1818.98,0
1686,79,10,10098.74,1
1687,11,4,4032.17,0
1688,24,8,8917.130000000001,1
1689,137,5,7091.33,3
1690,17,9,8042.110000000001,1
1691,3,8,7630.41,2
1692,128,5,3763.01,3
1693,76,7,8716.14,2
1694,20,7,7616.63,2
1695,38,5,7504.66,2
1696,29,9,12254.53,1
1697,25,5,6885.15,2
1698,33,8,9039.039999999999,1
1699,82,8,8291.65,2
1700,45,7,5028.5,2
1701,6,5,3664.41,0
1702,15,7,5682.53,2
1703,4,4,2468.19,0
1704,120,2,3009.57,3
1705,16,4,5029.5,0
1706,3,8,9107.39,1
1707,18,9,6986.84,2
1708,259,4,6112.64,3
1709,5,5,5390.71,0
1710,81,4,4067.49,0
1711,42,7,6222.5599999999995,2
1712,287,2,1953.53,3
1713,7,7,9031.89,2
1714,39,6,5717.15,2
1715,103,3,2616.3199999999997,0
1716,135,2,2372.87,3
1717,47,4,3349.03,0
1718,25,5,4488.2,0
1719,20,5,5061.53,0
1720,24,5,5561.49,0
1721,1,7,8195.2,2
1722,5,9,12696.87,1
1723,18,5,4943.21,0
1724,104,4,2074.23,0
1725,61,8,11020.22,1
1726,10,8,10471.32,1
1727,72,7,7397.04,2
1728,46,7,9185.800000000001,2
1729,59,7,5273.49,2
1730,21,3,3121.3,0
1731,44,11,8015.92,1
1732,98,5,4804.96,0
1733,54,5,4933.33,0
1734,26,2,1998.5900000000001,0
1735,66,5,5022.08,0
1736,55,6,8725.86,2
1737,46,3,4477.58,0
1738,22,5,3395.26,0
1739,38,4,4215.17,0
1740,7,8,9327.380000000001,1
1741,65,4,5075.22,0
1742,60,6,7168.48,2
1743,87,7,8615.73,2
1744,110,3,1889.09,3
1745,6,12,10025.74,1
1746,106,6,8448.21,2
1747,191,4,2839.33,3
1748,3,10,11012.26,1
1749,82,3,3909.98,0
1750,56,6,7768.64,2
1751,13,4,3904.5699999999997,0
1752,29,7,5387.53,2
1753,28,4,4242.64,0
1754,143,5,6904.57,3
1755,49,6,6597.55,2
1756,63,3,2636.84,0
1757,230,1,1228.07,3
1758,3,7,4887.03,2
1759,19,6,5494.57,2
1760,13,7,8150.56,2
1761,19,5,5743.1,0
1762,22,12,12375.52,1
1763,10,7,7841.49,2
1764,3,4,3350.1400000000003,0
1765,47,6,8083.150000000001,2
1766,179,5,3464.7,3
1767,5,5,5973.14,2
1768,93,2,2428.24,0
1769,37,6,5115.5,2
1770,14,7,8228.41,2
1771,40,6,7019.95,2
1772,169,4,4467.889999999999,3
1773,9,11,13096.0,1
1774,98,4,3792.41,0
1775,53,6,6171.379999999999,2
1776,35,7,7458.65,2
1777,71,7,7648.4400000000005,2
1778,313,2,3040.4,3
1779,130,6,8886.92,2
1780,39,4,4117.57,0
1781,10,4,3282.18,0
1782,82,6,8490.84,2
1783,50,12,11248.25,1
1784,72,4,4486.610000000001,0
1785,35,6,5294.27,2
1786,175,2,1570.1,3
1787,1,6,7519.39,2
1788,30,9,10584.15,1
1789,61,3,3728.3,0
1790,33,5,4313.98,0
1791,118,6,7479.16,2
1792,7,10,9395.76,1
1793,61,6,7572.360000000001,2
1794,2,5,3869.44,0
1795,4,6,6133.57,2
1796,123,2,471.26,3
1797,55,11,10502.99,1
1798,14,7,6605.389999999999,2
1799,53,4,4409.38,0
1800,172,4,5571.58,3
1801,66,8,9112.94,1
1802,14,8,10435.94,1
1803,116,7,7116.29,2
1804,32,3,4740.04,0
1805,91,4,2108.15,0
1806,38,8,8723.79,1
1807,61,6,6829.25,2
1808,77,7,10837.15,1
1809,28,6,10150.57,2
1810,7,2,458.74,0
1811,33,8,10112.53,1
1812,23,10,10631.380000000001,1
1813,19,6,6307.18,2
1814,52,6,4848.03,2
1815,12,5,4235.58,0
1816,81,5,4929.820000000001,0
1817,32,11,10054.07,1
1818,25,7,8942.78,2
1819,253,2,2884.59,3
1820,36,9,8429.29,1
1821,25,12,14387.59,1
1822,3,5,3009.41,0
1823,162,6,6635.66,3
1824,13,7,7059.410000000001,2
1825,41,6,6976.92,2
1826,41,7,6983.06,2
1827,39,5,6400.31,2
1828,151,3,2146.84,3
1829,4,3,2868.37,0
1830,14,8,8772.89,1
1831,166,8,6774.88,2
1832,85,8,9260.84,1
1833,11,5,4197.33,0
1834,127,4,6290.79,3
1835,26,6,5273.87,2
1836,167,2,2832.71,3
1837,36,7,9763.42,2
1838,50,5,7121.110000000001,2
1839,50,7,5930.82,2
1840,99,7,6929.780000000001,2
1841,37,4,5805.54,0
1842,212,5,6542.54,3
1843,113,4,5065.64,3
1844,42,7,9198.960000000001,2
1845,22,7,9342.199999999999,2
1846,334,1,441.49,3
1847,33,3,3921.92,0
1848,43,6,8432.48,2
1849,137,6,7069.03,2
1850,45,7,7706.74,2
1851,286,2,2498.86,3
1852,98,5,7030.610000000001,2
1853,27,9,8957.8,1
1854,1,3,3384.5600000000004,0
1855,23,4,3648.1,0
1856,128,2,1134.63,3
1857,88,5,7891.88,2
1858,22,8,12412.28,1
1859,77,5,6599.450000000001,2
1860,12,6,7424.78,2
1861,30,6,7073.07,2
1862,75,7,6966.85,2
1863,25,6,8915.48,2
1864,25,11,8863.49,1
1865,100,1,1071.23,0
1866,39,9,12450.76,1
1867,3,8,11055.86,1
1868,27,6,10105.23,2
1869,42,4,3260.59,0
1870,39,7,7755.76,2
1871,95,4,3787.27,0
1872,4,6,6136.51,2
1873,9,4,5930.68,0
1874,100,5,3958.4700000000003,0
1875,99,6,6549.05,2
1876,139,5,10115.019999999999,2
1877,81,6,4192.3099999999995,0
1878,33,6,6231.59,2
1879,48,7,5332.889999999999,2
1880,68,5,6619.75,2
1881,36,7,8559.33,2
1882,129,6,5862.02,2
1883,43,3,4596.28,0
1884,25,7,6672.0,2
1885,5,9,10587.23,1
1886,7,4,4591.32,0
1887,44,11,17133.93,1
1888,88,4,5775.32,0
1889,136,5,6210.6900000000005,3
1890,45,9,10862.91,1
1891,82,7,9203.4,2
1892,108,6,4803.15,2
1893,3,7,7903.94,2
1894,37,4,3591.0299999999997,0
1895,8,6,2994.17,0
1896,160,3,3843.92,3
1897,63,7,5120.75,2
1898,56,7,9179.48,2
1899,77,5,3807.34,0
1900,68,4,3327.94,0
1901,128,7,10098.550000000001,2
1902,22,6,5864.75,2
1903,17,4,6548.94,0
1904,68,3,1954.46,0
1905,11,9,9595.46,1
1906,2,6,5992.34,2
1907,111,4,3740.6,3
1908,108,6,7578.92,2
1909,60,6,5543.2,2
1910,18,3,3041.75,0
1911,62,2,3156.3599999999997,0
1912,39,9,7048.1900000000005,2
1913,43,13,8621.87,1
1914,13,8,7833.69,2
1915,62,5,4749.41,0
1916,54,7,7436.05,2
1917,29,7,9783.66,2
1918,2,5,6735.74,2
1919,45,4,3935.23,0
1920,67,2,1038.65,0
1921,41,1,586.45,0
1922,94,3,3352.52,0
1923,16,4,3704.94,0
1924,26,3,4133.39,0
1925,6,7,6617.74,2
1926,6,5,7762.71,2
1927,91,5,6439.16,2
1928,35,2,2219.84,0
1929,46,6,3442.2,0
1930,22,5,6575.57,2
1931,24,3,2218.5,0
1932,90,8,12027.439999999999,1
1933,42,9,11181.04,1
1934,4,6,6431.09,2
1935,58,6,6514.44,2
1936,78,8,9673.2,1
1937,35,7,9338.9,2
1938,230,4,5966.86,3
1939,77,2,806.18,0
1940,77,4,6093.610000000001,0
1941,6,4,4645.6900000000005,0
1942,17,8,6241.37,2
1943,300,3,2075.7799999999997,3
1944,6,6,6035.27,2
1945,116,3,2551.62,3
1946,89,13,11237.380000000001,1
1947,36,9,8225.63,1
1948,169,5,4266.28,3
1949,30,7,8547.61,2
1950,7,9,12108.45,1
1951,119,8,6977.969999999999,2
1952,77,10,7870.0,1
1953,11,7,6386.97,2
1954,101,9,10028.09,1
1955,79,3,3235.83,0
1956,34,4,3039.79,0
1957,20,11,12822.04,1
1958,70,4,2389.99,0
1959,142,8,7593.280000000001,2
1960,70,4,5914.98,0
1961,26,3,4600.360000000001,0
1962,94,2,1385.6,0
1963,10,2,2683.29,0
1964,103,6,8039.19,2
1965,7,5,4201.57,0
1966,162,6,3660.46,3
1967,23,6,7697.1900000000005,2
1968,160,5,4664.66,3
1969,18,6,6142.67,2
1970,1,8,8590.23,1
1971,63,7,8998.88,2
1972,1,5,5366.41,0
1973,48,4,4932.1,0
1974,33,5,3780.45,0
1975,109,2,661.42,3
1976,136,6,6246.07,3
1977,61,4,3681.98,0
1978,14,3,2048.2599999999998,0
1979,34,5,8062.73,2
1980,74,8,9465.380000000001,1
1981,90,3,4850.6900000000005,0
1982,51,8,10897.34,1
1983,3,4,5795.41,0
1984,49,7,10526.43,1
1985,1,7,7022.76,2
1986,45,6,4472.25,2
1987,43,4,3721.38,0
1988,135,8,10687.63,1
1989,23,4,5139.46,0
1990,10,9,7905.38,1
1991,2,10,12813.27,1
1992,141,10,14165.05,1
1993,7,9,9008.4,1
1994,3,6,7273.34,2
1995,126,6,5245.66,3
1996,14,7,6300.450000000001,2
1997,55,5,4713.72,0
1998,157,4,5359.34,3
1999,4,7,8432.98,2
2000,45,3,2951.12,0
2001,87,8,10016.79,1
2002,98,3,2637.04,0
2003,220,2,1821.05,3
2004,47,5,6042.51,2
2005,6,6,7337.82,2
2006,148,5,6192.77,3
2007,24,4,6309.450000000001,0
2008,30,7,7961.95,2
2009,6,7,7073.18,2
2010,35,5,5466.66,0
2011,316,3,2057.82,3
2012,14,5,5492.34,0
2013,16,10,9944.76,1
2014,55,7,7628.8099999999995,2
2015,51,7,8012.0,2
2016,69,6,5897.56,2
2017,13,6,7420.3099999999995,2
2018,36,7,7597.12,2
2019,53,9,10876.279999999999,1
2020,44,7,8810.74,2
2021,126,2,802.88,3
2022,14,5,5843.24,2
2023,14,10,10149.33,1
2024,30,6,5998.77,2
2025,139,4,4120.88,3
2026,147,4,6109.3,3
2027,15,7,6353.8099999999995,2
2028,41,7,7274.75,2
2029,2,9,6555.91,2
2030,240,4,6169.62,3
2031,20,4,4477.1900000000005,0
2032,6,2,1640.3,0
2033,12,7,10152.52,1
2034,53,8,9042.36,1
2035,128,4,3371.7999999999997,3
2036,26,12,10761.29,1
2037,99,4,4403.780000000001,0
2038,14,4,4230.27,0
2039,200,5,5594.110000000001,3
2040,97,2,3028.8900000000003,0
2041,81,6,7729.64,2
2042,12,3,4170.51,0
2043,140,5,6704.41,3
2044,6,5,7468.57,2
2045,56,9,9255.03,1
2046,34,9,13347.529999999999,1
2047,68,2,3132.77,0
2048,58,7,8820.57,2
2049,66,6,7403.76,2
2050,7,4,4483.5,0
2051,52,6,7376.93,2
2052,59,9,7052.08,2
2053,6,6,7727.0,2
2054,2,4,5248.59,0
2055,1,9,12172.04,1
2056,55,2,1829.4899999999998,0
2057,17,6,6889.26,2
2058,121,7,7546.98,2
2059,171,4,2702.14,3
2060,6,11,11179.22,1
2061,133,6,8403.650000000001,2
2062,43,5,6976.84,2
2063,10,5,4125.82,0
2064,107,5,5871.14,2
2065,216,4,4870.0599999999995,3
2066,91,5,6115.09,2
2067,31,8,9622.05,1
2068,160,5,5158.92,3
2069,52,6,10361.07,2
2070,5,9,12319.539999999999,1
2071,21,7,5340.02,2
2072,9,13,11845.439999999999,1
2073,19,8,8097.38,2
2075,5,4,5575.41,0
2076,20,8,12082.72,1
2077,228,3,4642.2,3
2078,66,6,7319.86,2
2079,4,3,4631.31,0
2080,163,6,6668.6,3
2081,12,5,5586.19,0
2082,2,7,6778.84,2
2083,16,9,10347.279999999999,1
2084,50,3,1985.07,0
2085,28,3,4294.14,0
2086,99,3,3812.2200000000003,0
2087,56,5,6577.63,2
2088,10,7,8654.02,2
2089,148,2,477.32000000000005,3
2090,164,2,1020.78,3
2091,212,3,5499.04,3
2092,17,5,6764.39,2
2093,61,6,7654.84,2
2094,35,5,4214.53,0
2095,21,10,9988.76,1
2096,133,5,8229.84,2
2097,39,6,7726.09,2
2098,9,6,5472.62,2
2099,64,7,8967.04,2
2100,19,5,4288.18,0
2101,21,10,14423.33,1
2102,18,7,7317.46,2
2103,15,10,11617.25,1
2104,81,8,7415.84,2
2105,24,5,7196.7699999999995,2
2106,4,4,6782.28,0
2107,65,2,1941.0,0
2108,13,3,3130.2599999999998,0
2109,3,8,7637.12,2
2110,27,7,7589.57,2
2111,7,9,11111.3,1
2112,3,4,5958.110000000001,0
2113,34,4,4987.47,0
2114,15,6,6706.46,2
2115,48,2,2204.45,0
2116,106,4,5827.96,0
2117,25,5,3925.17,0
2118,136,6,6724.4,2
2119,68,4,5477.6,0
2120,3,8,11028.33,1
2121,90,10,11645.45,1
2122,9,4,4039.79,0
2123,196,6,6196.02,3
2124,58,6,7618.68,2
2125,14,6,4206.48,0
2126,26,4,2963.04,0
2127,33,5,5437.05,0
2128,14,2,3787.46,0
2129,150,2,1411.9299999999998,3
2130,2,8,9169.4,1
2131,102,6,7199.04,2
2132,19,8,12668.24,1
2133,121,5,6553.44,2
2134,82,5,6556.68,2
2135,138,2,3174.01,3
2136,11,4,6269.92,0
2137,21,4,4683.41,0
2138,30,8,11281.36,1
2139,61,5,7480.94,2
2140,99,8,9047.439999999999,2
2141,77,4,4820.85,0
2142,82,7,10200.02,2
2143,28,5,5872.29,2
2144,68,8,10452.24,1
2145,195,1,748.17,3
2146,51,2,2173.1099999999997,0
2147,126,3,2953.18,3
2148,138,4,4907.04,3
2149,12,9,7062.67,2
2150,95,6,6161.6,2
2151,147,7,9369.73,2
2152,2,9,9894.84,1
2153,77,8,8239.72,2
2154,39,6,7924.87,2
2155,20,12,10114.46,1
2156,114,6,6988.71,2
2157,162,2,2131.52,3
2158,51,5,5982.3,2
2159,19,5,5111.04,0
2160,48,6,6852.88,2
2161,53,5,5998.47,2
2162,54,4,4785.389999999999,0
2163,71,5,3842.24,0
2164,69,7,8585.81,2
2165,1,10,9072.94,1
2166,59,6,6021.83,2
2167,145,6,4691.02,3
2168,3,3,3828.1,0
2169,118,6,10330.95,2
2170,29,6,7695.75,2
2171,35,6,4500.04,2
2172,30,4,6844.5,0
2173,158,4,5112.15,3
2174,82,6,7133.88,2
2175,59,4,4158.65,0
2176,29,3,2662.8199999999997,0
2177,99,5,6054.27,2
2178,78,4,3531.64,0
2179,37,7,6889.21,2
2180,81,5,6162.33,2
2181,52,8,6274.12,2
2182,18,8,10722.16,1
2183,9,14,19071.32,1
2184,38,11,13468.26,1
2185,137,7,9578.97,2
2186,155,3,4245.21,3
2187,64,7,8284.37,2
2188,71,6,6671.540000000001,2
2189,41,10,9861.3,1
2190,42,8,11980.720000000001,1
2191,13,5,7172.56,2
2192,43,6,4812.76,2
2193,55,4,6086.66,0
2194,43,8,8464.84,2
2195,3,6,7278.62,2
2196,72,5,4425.25,0
2197,120,3,2284.5600000000004,3
2198,26,4,4003.11,0
2199,25,4,4628.71,0
2200,80,3,2268.7799999999997,0
2201,31,8,11020.84,1
2202,59,10,8507.06,1
2203,50,5,6421.1,2
2204,18,8,7935.08,2
2205,101,4,4547.9,0
2206,59,4,4155.32,0
2207,75,6,6263.82,2
2208,115,6,5236.3099999999995,2
2209,266,1,1240.31,3
2210,28,9,8133.83,1
2211,112,3,1649.1599999999999,3
2212,42,6,4951.08,2
2213,16,5,7240.5,2
2214,28,5,5053.05,0
2215,20,2,1965.6799999999998,0
2216,75,3,3352.32,0
2217,23,8,8779.73,1
2218,22,3,4304.09,0
2219,62,5,6319.34,2
2220,86,4,4529.9,0
2221,95,8,9100.52,2
2222,60,6,7051.67,2
2223,55,7,5883.75,2
2224,288,3,2568.2200000000003,3
2225,209,3,5546.31,3
2226,50,8,8295.55,2
2227,41,5,5068.82,0
2228,169,4,3579.45,3
2229,22,4,3937.92,0
2230,45,8,9883.84,1
2231,65,3,4555.37,0
2232,60,6,5666.030000000001,2
2233,64,7,6778.26,2
2234,58,7,4055.89,2
2235,81,6,7834.27,2
2236,2,3,4226.47,0
2237,39,7,7412.94,2
2238,142,3,4185.99,3
2239,33,2,1693.21,0
2240,32,12,13961.45,1
2241,18,4,4335.0,0
2242,171,3,2540.1099999999997,3
2243,184,3,2141.05,3
2244,64,5,5963.92,2
2245,75,7,7779.9,2
2246,100,4,4027.99,0
2247,30,7,8149.4800000000005,2
2248,52,8,8369.31,2
2249,113,5,5600.46,2
2250,125,3,3011.79,3
2251,16,7,5798.71,2
2252,131,5,5648.85,3
2253,85,6,7418.9400000000005,2
2254,4,6,5579.54,2
2255,144,3,3400.21,3
2256,170,3,4499.85,3
2257,65,5,6440.81,2
2258,53,7,8399.53,2
2259,162,4,4205.21,3
2260,18,6,8234.9,2
2261,36,4,3875.61,0
2262,76,4,3058.55,0
2263,36,5,6359.93,2
2264,154,6,5198.18,3
2265,96,3,3990.7799999999997,0
2266,30,10,8911.6,1
2267,100,5,5466.639999999999,2
2268,36,8,9258.43,1
2269,48,7,9233.33,2
2270,130,5,7588.29,2
2271,178,1,1362.99,3
2272,105,6,8116.8,2
2273,27,10,9867.35,1
2274,56,2,142.98,0
2275,122,6,8289.0,2
2276,11,4,4714.45,0
2277,37,4,4721.53,0
2278,35,5,3123.04,0
2279,36,8,7565.7,2
2280,25,5,6373.32,2
2281,39,7,8021.26,2
2282,15,6,6818.610000000001,2
2283,31,7,7052.93,2
2284,35,7,7556.9400000000005,2
2285,40,7,4829.54,2
2286,50,5,4606.01,0
2287,160,2,1083.52,3
2288,30,6,6972.7,2
2289,60,5,6450.51,2
2290,73,6,7476.58,2
2291,108,1,792.9,3
2292,46,7,8732.619999999999,2
2293,86,5,5018.52,0
2294,74,7,9680.22,2
2295,18,4,5830.14,0
2296,37,4,5259.05,0
2297,38,5,6232.6900000000005,2
2298,46,6,6997.85,2
2299,60,6,4359.32,2
2300,18,4,7346.110000000001,2
2301,6,7,10628.94,1
2302,54,3,4412.84,0
2303,145,2,2696.8599999999997,3
2304,4,7,9747.9,1
2305,79,5,6011.6900000000005,2
2306,7,4,4938.639999999999,0
2307,82,11,10123.71,1
2308,14,9,11438.369999999999,1
2309,54,12,16122.34,1
2310,16,7,9599.97,2
2311,67,5,6375.870000000001,2
2312,29,5,7250.51,2
2313,45,6,4657.8,2
2314,49,3,4114.37,0
2315,153,5,2737.7999999999997,3
2316,47,4,2908.85,0
2317,54,5,6735.95,2
2318,17,7,8129.61,2
2319,10,4,7191.200000000001,2
2320,25,3,2655.46,0
2321,162,3,5473.58,3
2322,68,4,4035.5099999999998,0
2323,213,3,4599.45,3
2324,79,5,5621.34,2
2325,13,6,7084.51,2
2326,113,1,774.53,3
2327,225,3,4153.110000000001,3
2328,152,1,441.49,3
2329,9,5,4252.36,0
2330,5,3,2391.06,0
2331,20,7,5341.04,2
2332,32,4,1972.9,0
2333,93,4,5216.82,0
2334,70,3,3616.74,0
2335,12,7,7350.46,2
2336,75,9,10942.55,1
2337,173,3,2169.36,3
2338,24,7,7546.18,2
2339,12,9,10497.39,1
2340,6,9,9442.23,1
2341,14,8,11392.11,1
2342,66,4,4988.86,0
2343,63,3,4215.4,0
2344,48,6,6947.3,2
2345,1,5,7439.41,2
2346,163,5,6429.33,3
2347,88,9,10730.51,1
2348,61,4,2451.77,0
2349,55,5,3608.1400000000003,0
2350,181,6,5770.32,3
2351,56,8,8325.25,2
2352,37,1,1292.84,0
2353,82,10,11013.74,1
2354,37,5,4817.55,0
2355,71,5,5619.5599999999995,2
2356,147,4,5020.27,3
2357,41,4,5811.12,0
2358,4,11,8523.43,1
2359,83,8,9029.74,2
2360,28,6,8601.41,2
2361,23,7,7640.51,2
2362,46,3,3007.23,0
2363,59,6,5473.37,2
2364,44,5,8404.81,2
2365,2,5,5448.58,0
2366,20,5,5543.95,0
2367,26,7,9334.85,2
2368,75,6,7617.099999999999,2
2369,2,8,11223.94,1
2370,21,3,3107.9700000000003,0
2371,94,5,7720.1,2
2372,1,9,8295.0,1
2373,46,4,4758.4400000000005,0
2374,15,7,7495.68,2
2375,44,7,9972.86,2
2376,12,4,5599.33,0
2377,8,5,8081.98,2
2378,11,5,5040.639999999999,0
2379,4,11,13030.07,1
2380,43,7,7948.44,2
2381,30,7,7877.93,2
2382,39,7,3369.77,2
2383,22,9,13104.08,1
2384,60,6,5845.17,2
2385,32,8,7901.9400000000005,2
2386,13,7,7710.12,2
2387,183,2,591.31,3
2388,114,7,10013.26,2
2389,9,3,2456.1800000000003,0
2390,70,7,9982.43,2
2391,13,10,10874.65,1
2392,27,5,5215.18,0
2393,123,2,1228.76,3
2394,91,1,980.37,0
2395,63,1,230.91,0
2396,1,5,5478.09,0
2397,54,9,10464.01,1
2398,114,3,2426.93,3
2399,39,6,6424.44,2
2400,20,8,10452.28,1
2401,22,8,10935.93,1
2402,79,3,4490.75,0
2403,151,5,3202.84,3
2404,3,6,9279.27,2
2405,46,6,3528.3599999999997,0
2406,81,4,4117.37,0
2407,69,6,6205.71,2
2408,25,3,3920.17,0
2409,50,7,7117.35,2
2410,37,7,7649.62,2
2411,224,4,6535.39,3
2412,18,6,7097.639999999999,2
2413,59,7,8666.869999999999,2
2414,5,4,5682.46,0
2415,44,5,4412.09,0
2416,223,2,2220.23,3
2417,23,1,1129.13,0
2418,3,7,9068.28,2
2419,52,8,8651.87,2
2420,140,3,2367.71,3
2421,1,6,2836.38,0
2422,33,5,4670.18,0
2423,60,1,202.62,0
2424,68,7,5910.3099999999995,2
2425,9,9,8310.5,1
2426,17,5,8399.89,2
2427,4,6,7962.36,2
2428,11,9,10167.49,1
2429,223,3,3811.29,3
2430,116,4,3385.21,3
2431,219,2,1447.1799999999998,3
2432,33,7,4898.05,2
2433,27,10,10945.11,1
2434,1,9,10024.41,1
2435,124,5,6950.49,2
2436,17,4,3919.84,0
2437,199,2,1436.8,3
2438,28,7,6007.49,2
2439,19,6,5841.8,2
2440,54,4,5001.4400000000005,0
2441,29,2,2059.61,0
2442,81,6,5014.139999999999,2
2443,13,6,6182.68,2
2444,45,4,5166.36,0
2445,18,5,5245.21,0
2446,72,7,9602.64,2
2447,40,7,7729.64,2
2448,7,6,5418.88,2
2449,77,6,8199.95,2
2450,41,2,3861.74,0
2451,18,3,3247.8500000000004,0
2452,10,4,4209.71,0
2453,57,6,4683.469999999999,2
2454,30,11,11914.73,1
2455,76,8,8482.92,2
2456,168,6,6887.07,3
2457,53,6,8023.24,2
2458,5,7,11224.23,1
2459,54,11,11877.19,1
2460,51,4,4291.639999999999,0
2461,32,6,4090.26,0
2462,25,6,5779.98,2
2463,65,8,9906.89,1
2464,3,13,14574.06,1
2465,12,10,10135.89,1
2466,20,5,4796.14,0
2467,22,5,2590.13,0
2468,22,10,13390.75,1
2469,21,7,10397.56,1
2470,13,4,3356.1,0
2471,14,5,5699.45,0
2472,86,6,7612.35,2
2473,114,5,4256.68,3
2474,32,8,7916.51,2
2475,86,7,10009.91,2
2476,15,14,14578.69,1
2477,41,1,2005.66,0
2478,115,7,5012.3099999999995,2
2479,3,7,3335.31,2
2480,43,5,6781.5,2
2481,21,7,5825.4,2
2482,233,3,3110.6899999999996,3
2483,70,5,3026.94,0
2484,25,6,5472.78,2
2485,5,6,5955.21,2
2486,230,2,3246.42,3
2487,99,4,2978.64,0
2488,19,6,6900.389999999999,2
2489,41,8,11411.16,1
2490,39,5,7816.21,2
2491,106,6,3798.2,0
2492,8,10,12661.35,1
2493,55,3,3796.09,0
2494,96,7,6744.39,2
2495,32,8,5497.11,2
2496,197,5,2095.52,3
2497,47,4,4265.4400000000005,0
2498,8,8,9981.91,1
2499,176,3,3848.07,3
2500,24,3,2535.87,0
2501,19,7,7685.12,2
2502,15,5,4196.26,0
2503,109,4,4951.0,0
2504,94,5,5458.179999999999,0
2505,13,9,10295.31,1
2506,107,4,5594.41,0
2507,48,4,5405.0,0
2508,57,10,12948.97,1
2509,26,8,8313.9,2
2510,112,6,8315.039999999999,2
2511,33,4,5381.19,0
2512,112,6,5536.07,2
2513,107,7,8203.29,2
2514,47,3,4414.05,0
2515,25,3,4764.52,0
2516,84,3,1978.9299999999998,0
2517,146,4,5104.02,3
2518,71,5,7538.469999999999,2
2519,109,4,2487.22,3
2520,12,5,4496.29,0
2521,209,3,3422.3,3
2522,25,8,9637.08,1
2523,7,10,9855.77,1
2524,185,6,4384.97,3
2525,304,1,1977.36,3
2526,54,6,6039.110000000001,2
2527,41,7,8751.73,2
2528,26,7,9485.91,2
2529,99,7,9000.92,2
2530,10,7,5560.28,2
2531,6,7,7233.38,2
2532,141,1,71.49,3
2533,19,3,4689.75,0
2534,46,7,8069.62,2
2535,15,6,5517.49,2
2536,8,6,9145.1,2
2537,23,11,11743.039999999999,1
2538,36,9,11849.7,1
2539,41,5,5493.46,0
2540,21,7,7819.73,2
2541,21,2,3358.87,0
2542,44,7,10741.16,1
2543,23,4,5543.46,0
2544,33,6,6633.58,2
2545,118,3,2916.92,3
2546,20,4,2419.01,0
2547,185,3,2217.0600000000004,3
2548,4,13,14027.08,1
2549,58,4,6211.0,0
2550,12,5,6139.76,2
2551,266,4,4894.98,3
2552,36,6,8603.02,2
2553,151,7,8252.1,2
2554,60,5,4993.71,0
2555,2,6,9456.4,2
2556,15,2,1917.48,0
2557,31,3,5222.06,0
2558,33,4,5684.29,0
2559,13,8,5364.14,2
2560,46,11,9706.619999999999,1
2561,2,4,7146.860000000001,0
2562,102,7,8220.23,2
2563,58,5,4716.139999999999,0
2564,48,5,2828.34,0
2565,30,9,11516.51,1
2566,18,10,8489.6,1
2567,72,4,5954.21,0
2568,73,4,3918.87,0
2569,76,7,9585.83,2
2570,94,8,8168.89,2
2571,46,3,3652.28,0
2572,80,8,10111.81,1
2573,15,4,4088.91,0
2574,28,11,11811.560000000001,1
2575,11,5,4119.53,0
2576,79,7,8271.03,2
2577,94,6,5240.639999999999,2
2578,39,4,4676.02,0
2579,50,3,2288.84,0
2580,65,8,9493.86,1
2581,135,5,5903.89,3
2582,53,5,5104.43,0
2583,93,4,4046.62,0
2584,39,5,3983.61,0
2585,6,7,7066.38,2
2586,20,3,3379.79,0
2587,65,9,9007.27,1
2588,179,3,5656.6900000000005,3
2589,68,5,5101.54,0
2590,51,6,8720.42,2
2591,43,6,9027.71,2
2592,38,8,11062.61,1
2593,61,4,3940.27,0
2594,92,6,9467.470000000001,2
2595,45,8,10273.25,1
2596,73,5,7674.39,2
2597,6,6,7670.71,2
2598,88,6,7871.62,2
2599,54,7,7725.21,2
2600,172,3,4973.54,3
2601,37,8,9798.03,1
2602,72,8,7898.91,2
2603,15,7,7817.9400000000005,2
2604,87,6,6086.83,2
2605,116,5,6656.209999999999,2
2606,6,10,12338.51,1
2607,6,8,7870.34,2
2608,18,7,4403.82,2
2609,182,8,8362.17,2
2610,113,8,8499.220000000001,2
2611,3,7,5700.59,2
2612,210,2,1924.4700000000003,3
2613,99,5,4933.99,0
2614,21,4,6322.41,0
2615,56,9,13460.630000000001,1
2616,43,11,13134.119999999999,1
2617,127,7,10695.449999999999,2
2618,8,10,9670.59,1
2619,77,2,3869.2699999999995,0
2620,31,8,8317.97,2
2621,10,7,6926.01,2
2622,17,7,6595.22,2
2623,11,5,6916.33,2
2624,28,5,5629.39,0
2625,85,4,3403.67,0
2626,42,4,4263.71,0
2627,34,6,9321.82,2
2628,174,4,4668.82,3
2629,45,6,7374.25,2
2630,63,10,10514.539999999999,1
2631,28,3,3539.6800000000003,0
2632,8,4,6590.860000000001,0
2633,16,9,10392.61,1
2634,190,3,2614.21,3
2635,69,8,10781.21,1
2636,31,3,3411.77,0
2637,55,11,13895.71,1
2638,84,10,9883.4,1
2639,32,5,7255.96,2
2640,68,11,11643.47,1
2641,12,7,6132.32,2
2642,21,2,3229.6400000000003,0
2643,55,3,1897.1999999999998,0
2644,61,2,1697.24,0
2645,33,6,5168.14,2
2646,120,5,4987.72,3
2647,13,8,7977.09,2
2648,36,5,6102.13,2
2649,130,4,6633.45,3
2650,26,6,5688.65,2
2651,16,9,10138.01,1
2652,24,5,7176.639999999999,2
2653,4,9,12316.0,1
2654,109,9,9905.2,1
2655,158,6,8575.35,3
2656,139,7,9051.86,2
2657,183,3,3891.5,3
2658,37,5,3853.98,0
2659,1,12,11948.48,1
2661,9,5,5712.01,0
2662,63,9,10546.039999999999,1
2663,165,5,7423.2300000000005,3
2664,135,7,6587.43,2
2665,31,3,5364.68,0
2666,257,4,4534.9,3
2667,99,5,5817.66,2
2668,62,5,3342.3,0
2669,49,3,3552.54,0
2670,59,3,3290.68,0
2671,101,7,8811.26,2
2672,16,8,8417.05,2
2673,91,5,4576.389999999999,0
2674,45,5,6395.9,2
2675,96,5,5429.8,0
2676,6,6,7274.78,2
2677,28,5,5446.05,0
2678,114,5,5004.09,3
2679,86,6,5660.31,2
2680,17,9,9177.27,1
2681,51,5,4606.83,0
2682,39,8,6122.34,2
2683,17,6,7829.89,2
2684,39,9,11938.039999999999,1
2685,45,6,5323.86,2
2686,25,11,13237.88,1
2687,18,7,6724.23,2
2688,89,3,3018.69,0
2689,2,5,3956.18,0
2690,110,4,5860.55,3
2691,61,8,8562.05,2
2692,41,3,1662.12,0
2693,2,6,5128.639999999999,2
2694,30,4,2766.09,0
2695,5,9,11703.11,1
2696,152,4,5519.58,3
2697,34,7,6415.43,2
2698,13,7,9054.05,2
2699,61,5,3428.76,0
2700,72,4,4497.46,0
2701,53,9,11558.89,1
2702,20,9,12880.3,1
2703,20,7,7330.05,2
2704,236,3,1517.27,3
2705,3,9,12147.34,1
2706,124,3,2769.36,3
2707,44,3,3934.6,0
2708,12,3,3437.08,0
2709,3,5,3860.54,0
2710,9,4,3931.54,0
2711,64,6,6439.08,2
2712,17,6,6967.02,2
2713,1,3,3426.37,0
2714,9,5,4081.8100000000004,0
2715,105,5,6644.62,2
2716,144,4,4529.24,3
2717,42,10,10140.5,1
2718,222,7,6798.88,3
2719,11,3,3061.49,0
2720,149,5,5273.07,3
2721,115,2,2292.96,3
2722,74,6,4806.32,2
2723,41,8,10565.119999999999,1
2724,143,4,4604.3,3
2725,177,4,2094.38,3
2726,28,10,10263.47,1
2727,50,5,8567.85,2
2728,8,8,9659.77,1
2729,7,6,8706.47,2
2730,5,7,4649.51,2
2731,4,4,2409.89,0
2732,17,10,6703.58,1
2733,29,10,13266.619999999999,1
2734,56,3,2148.54,0
2735,149,2,1340.77,3
2736,43,5,4311.28,0
2737,6,9,10510.1,1
2738,60,5,5189.82,0
2739,243,2,743.0500000000001,3
2740,27,8,10497.95,1
2741,20,3,3056.2200000000003,0
2742,96,3,3741.05,0
2743,47,2,2956.8,0
2744,126,3,3148.36,3
2745,268,2,3322.62,3
2746,9,3,3056.2200000000003,0
2747,15,9,11417.36,1
2748,7,4,3952.7,0
2749,35,1,1061.56,0
2750,43,11,12349.36,1
2751,4,8,9856.48,1
2752,13,4,5737.59,0
2753,68,11,9649.8,1
2754,187,3,5568.64,3
2755,29,13,14088.24,1
2756,57,4,5196.93,0
2757,145,3,3501.37,3
2758,16,4,4188.4,0
2759,111,5,5619.73,2
2760,32,5,5241.94,0
2761,8,9,10079.42,1
2762,17,10,15071.26,1
2763,20,9,6496.64,2
2764,52,4,3651.92,0
2765,47,6,8522.02,2
2766,48,6,8740.06,2
2767,49,3,2597.41,0
2768,24,6,6811.9400000000005,2
2769,47,6,8004.25,2
2770,31,9,13728.7,1
2771,45,5,8579.48,2
2772,26,5,5138.68,0
2773,5,4,4179.19,0
2774,85,5,4479.04,0
2775,13,6,6201.93,2
2776,47,4,4205.06,0
2777,104,6,6216.71,2
2778,10,5,5669.9,0
2779,12,5,6558.76,2
2780,3,5,6150.43,2
2781,74,4,4131.86,0
2782,171,5,4995.43,3
2783,74,11,9019.44,1
2784,75,3,2423.2200000000003,0
2785,46,6,9232.95,2
2786,4,6,4372.3,0
2787,38,6,10014.36,2
2788,45,11,17258.940000000002,1
2789,25,2,2097.73,0
2790,78,3,1799.14,0
2791,15,7,9980.38,1
2792,219,3,4771.39,3
2793,35,8,10915.33,1
2794,6,7,7835.25,2
2795,92,3,4453.63,0
2796,9,7,8157.719999999999,2
2797,76,6,4583.92,2
2798,155,5,3433.47,3
2799,30,8,9916.09,1
2800,42,5,1193.9,0
2801,23,5,3312.28,0
2802,173,3,1370.06,3
2803,31,6,6522.64,2
2804,59,7,6016.75,2
2805,4,5,5915.9,2
2806,69,8,8667.06,2
2807,354,1,1216.14,3
2808,7,5,6828.29,2
2809,84,3,2490.58,0
2810,63,6,3670.1800000000003,0
2811,26,5,4456.35,0
2812,88,6,8956.25,2
2813,205,5,6323.22,3
2814,14,4,4851.34,0
2815,28,9,9217.46,1
2816,9,10,13562.73,1
2817,16,3,4046.6099999999997,0
2818,100,4,5234.29,0
2819,163,4,5543.02,3
2820,59,7,8152.6900000000005,2
2821,52,5,4455.08,0
2822,12,9,8764.17,1
2823,13,4,2040.6100000000001,0
2824,123,6,8837.81,2
2825,113,4,4231.89,3
2826,12,12,11244.57,1
2827,108,5,4673.13,0
2828,116,2,2446.06,3
2829,145,2,3023.32,3
2830,96,5,4885.5199999999995,0
2831,15,5,4904.01,0
2832,24,9,7026.780000000001,2
2833,17,6,6437.61,2
2834,67,3,3603.6800000000003,0
2835,229,3,1178.37,3
2836,14,10,12283.11,1
2837,42,7,9092.1,2
2838,16,3,2838.62,0
2839,18,8,7971.99,2
2840,17,4,3362.7599999999998,0
2841,17,7,10658.349999999999,1
2842,40,3,2134.96,0
2843,21,6,6116.0,2
2844,24,7,7248.98,2
2845,48,8,8539.21,2
2846,16,4,4002.3,0
2847,45,7,8251.07,2
2848,14,4,5354.429999999999,0
2849,116,4,4650.96,3
2850,8,8,7671.88,2
2851,10,8,8746.779999999999,1
2852,26,6,8373.67,2
2853,82,8,8836.36,2
2854,84,4,4893.5,0
2855,40,2,255.35000000000002,0
2856,7,7,10139.11,1
2857,114,6,8974.25,2
2858,109,5,8376.119999999999,2
2859,11,8,6793.56,2
2860,9,10,14673.35,1
2861,74,8,9484.25,1
2862,15,5,4816.96,0
2863,176,1,544.05,3
2864,18,4,4770.7699999999995,0
2865,1,7,11030.02,1
2866,79,4,4759.37,0
2867,96,5,2866.46,0
2868,26,4,3572.73,0
2869,117,6,6230.41,2
2870,110,2,599.88,3
2871,21,6,4852.74,2
2872,25,7,7041.0599999999995,2
2873,105,3,3244.63,0
2874,61,11,15091.91,1
2875,36,4,5883.47,0
2876,326,1,958.74,3
2877,42,9,8291.58,1
2878,1,3,2319.39,0
2879,15,8,9983.98,1
2880,19,8,12780.52,1
2881,73,6,6506.51,2
2882,295,2,2515.6800000000003,3
2883,50,7,10571.82,1
2884,15,8,6897.469999999999,2
2885,95,9,12055.64,1
2886,40,8,8504.95,2
2887,25,9,10892.99,1
2888,30,6,7967.07,2
2889,106,5,6098.4800000000005,2
2890,87,7,8037.32,2
2891,63,7,8583.39,2
2892,13,5,6697.78,2
2893,60,3,4825.25,0
2894,87,9,14621.73,1
2895,259,2,1390.68,3
2896,195,2,2648.5,3
2897,47,5,4416.799999999999,0
2898,79,4,4284.31,0
2899,31,6,6188.15,2
2900,62,3,4234.34,0
2901,39,7,9512.21,2
2902,197,2,1591.08,3
2903,27,3,3175.62,0
2904,24,7,5397.49,2
2905,9,4,3343.69,0
2906,46,4,4835.93,0
2907,75,7,9679.210000000001,2
2908,2,6,3638.18,0
2909,84,7,7868.9,2
2910,47,8,5951.54,2
2911,284,2,1875.15,3
2912,47,13,14149.73,1
2913,90,6,5130.11,2
2914,13,12,13824.53,1
2915,34,7,6896.26,2
2916,25,7,8475.59,2
2917,149,5,6402.85,3
2918,52,7,8939.64,2
2919,22,6,5710.05,2
2920,100,2,2787.82,0
2921,58,5,4820.4,0
2922,2,5,5507.0199999999995,0
2923,14,7,6413.18,2
2924,65,6,5940.1900000000005,2
2925,94,5,4419.8099999999995,0
2926,144,4,3211.69,3
2927,100,3,4096.32,0
2928,176,5,6092.18,3
2929,2,9,10903.63,1
2930,72,7,6178.68,2
2931,58,6,4741.6,2
2932,20,10,10991.14,1
2933,96,5,4806.32,0
2934,62,6,7094.71,2
2935,7,7,4508.01,2
2936,60,7,10669.630000000001,1
2937,8,7,11473.75,1
2938,126,5,7013.27,2
2939,91,4,3757.8,0
2940,95,7,6758.78,2
2941,173,5,4811.55,3
2942,10,8,9837.369999999999,1
2943,53,7,7308.48,2
2944,31,6,4572.33,2
2945,50,3,2684.96,0
2946,32,10,9722.73,1
2947,15,6,5990.41,2
2948,112,5,4758.83,3
2949,14,3,1857.76,0
2950,76,3,1953.15,0
2951,86,9,11002.560000000001,1
2952,28,5,6242.1,2
2953,76,5,6263.34,2
2954,7,6,5047.3099999999995,2
2955,20,8,8309.33,2
2956,98,7,5810.6900000000005,2
2957,99,3,3938.5699999999997,0
2958,5,7,6042.2,2
2959,135,3,3525.57,3
2960,89,3,5056.1,0
2961,3,6,8983.52,2
2962,78,3,2837.74,0
2963,56,5,3318.74,0
2964,169,2,3630.46,3
2965,91,6,6158.93,2
2966,33,5,5009.32,0
2967,11,3,4699.01,0
2968,172,7,5052.9,3
2969,12,6,6455.639999999999,2
2970,99,4,4043.88,0
2971,28,3,2449.96,0
2972,57,4,3218.41,0
2973,94,4,3872.73,0
2974,160,2,1166.79,3
2975,170,3,4429.83,3
2976,7,4,6239.15,0
2977,10,5,5552.88,0
2978,148,3,2701.2200000000003,3
2979,115,4,3936.52,3
2980,16,6,7498.77,2
2981,53,7,4484.4800000000005,2
2982,118,7,8987.33,2
2983,130,5,7256.57,3
2984,159,5,6200.1,3
2985,39,10,10664.07,1
2986,29,9,9529.92,1
2987,18,5,5300.65,0
2988,33,8,8349.34,2
2989,71,9,11757.14,1
2990,15,7,5394.23,2
2991,76,6,5559.9800000000005,2
2992,10,8,10530.96,1
2993,10,8,11450.73,1
2994,16,3,719.38,0
2995,11,5,5069.75,0
2996,22,3,4774.51,0
2997,32,6,5293.91,2
2998,67,3,4629.21,0
2999,9,11,12745.98,1
3000,43,4,4848.29,0
3001,105,4,4664.8,0
3002,45,7,7201.75,2
3003,112,9,7885.54,2
3004,114,5,5048.79,3
3005,190,3,3682.5499999999997,3
3006,31,4,5912.1,0
3007,4,7,8547.34,2
3008,6,6,7710.66,2
3009,89,4,4421.04,0
3010,111,5,4911.610000000001,0
3011,36,4,3080.8,0
3012,4,6,9204.57,2
3013,5,9,8161.56,1
3014,20,9,8691.039999999999,1
3015,47,10,14529.95,1
3016,1,5,7991.99,2
3017,58,6,6588.3,2
3018,20,5,3833.35,0
3019,65,3,4258.98,0
3020,23,12,11413.11,1
3021,61,7,6493.42,2
3022,32,5,3884.79,0
3023,133,4,2119.85,3
3024,51,2,3539.28,0
3025,126,2,2263.49,3
3026,93,6,5618.62,2
3027,32,5,3296.91,0
3028,47,5,5620.95,0
3029,122,4,5099.51,3
3030,25,7,5700.4,2
3031,3,5,6455.51,2
3032,41,7,10767.02,1
3033,159,2,2523.2,3
3034,49,5,5496.76,0
3035,39,5,4522.24,0
3036,157,5,8620.53,3
3037,186,3,2449.3,3
3038,47,6,5268.26,2
3039,70,9,8652.35,1
3040,204,2,3384.3099999999995,3
3041,125,2,3469.37,3
3042,12,6,6916.03,2
3043,12,4,4497.96,0
3044,5,9,10768.18,1
3045,66,6,8878.98,2
3046,229,5,6086.83,3
3047,35,5,6712.39,2
3048,5,13,14756.09,1
3049,44,3,3596.57,0
3050,67,9,12410.86,1
3051,141,4,5849.7,3
3052,55,2,1216.02,0
3053,194,4,3823.21,3
3054,3,5,7022.29,2
3055,59,10,10643.23,1
3056,20,4,4165.67,0
3057,29,7,9733.55,2
3058,25,5,8188.639999999999,2
3059,143,2,3898.92,3
3060,30,11,14609.22,1
3061,60,9,8604.59,1
3062,47,6,6083.87,2
3063,93,5,3246.28,0
3064,56,7,6989.68,2
3065,6,5,5665.26,0
3066,165,4,3756.25,3
3067,40,6,7095.87,2
3068,80,6,5197.79,2
3069,71,3,3104.7999999999997,0
3070,120,4,1927.42,3
3071,159,4,3954.99,3
3072,68,7,7712.87,2
3073,252,3,3426.95,3
3074,11,7,8822.95,2
3075,82,6,5704.8,2
3076,210,4,4105.89,3
3077,17,7,8452.62,2
3078,170,3,2490.95,3
3079,132,4,4030.71,3
3080,5,9,10388.83,1
3081,107,6,8311.18,2
3082,17,5,4508.030000000001,0
3083,70,6,4366.12,2
3084,16,6,7652.58,2
3085,26,5,4858.75,0
3086,12,10,9866.66,1
3087,85,6,6584.210000000001,2
3088,4,7,6701.71,2
3089,28,4,6196.13,0
3090,199,5,6006.22,3
3091,308,2,1434.48,3
3092,161,3,3324.14,3
3093,69,9,10362.369999999999,1
3094,162,7,6633.12,3
3095,37,5,7352.31,2
3096,16,3,5023.0599999999995,0
3097,61,3,3076.92,0
3098,39,4,5235.47,0
3099,84,2,3105.12,0
3100,21,4,5579.87,0
3101,62,4,4558.28,0
3102,107,5,7162.67,2
3103,60,8,9084.18,1
3104,50,7,7947.43,2
3105,11,6,6820.6,2
3106,200,5,5176.15,3
3107,96,4,4003.1400000000003,0
3108,54,7,10194.970000000001,1
3109,170,5,6150.85,3
3110,18,3,2064.77,0
3111,49,5,4650.44,0
3112,12,8,8006.59,2
3113,110,8,10192.61,1
3114,4,6,6458.95,2
3115,196,5,6326.07,3
3116,88,6,5955.83,2
3117,26,9,12615.48,1
3118,13,9,14065.03,1
3119,6,4,4368.56,0
3120,21,7,7351.7,2
3121,49,6,6379.44,2
3122,144,5,5885.77,3
3123,1,4,3733.72,0
3124,39,3,2085.18,0
3125,10,4,4529.16,0
3126,41,8,9426.93,1
3127,36,4,5836.78,0
3128,105,5,5753.62,2
3129,17,5,6405.030000000001,2
3130,1,5,6539.6,2
3131,18,8,7333.7,2
3132,24,5,5502.29,0
3133,12,6,7335.610000000001,2
3134,65,7,10273.18,1
3135,122,7,7539.8099999999995,2
3136,26,4,4905.76,0
3137,117,7,6481.77,2
3138,70,5,7137.22,2
3139,12,3,2633.05,0
3140,41,3,2714.79,0
3141,71,7,3596.67,2
3142,13,4,4004.87,0
3143,21,11,10532.28,1
3144,65,3,1975.27,0
3145,69,7,8500.63,2
3146,55,8,11006.29,1
3147,4,6,5237.77,2
3148,56,6,6033.4,2
3149,23,3,3636.56,0
3150,88,8,5011.59,2
3151,14,9,11451.18,1
3152,12,6,5683.73,2
3153,128,5,8533.27,2
3154,15,7,6780.46,2
3155,44,4,2692.7400000000002,0
3156,5,3,3087.91,0
3157,11,8,10424.25,1
3158,17,6,7721.6900000000005,2
3159,26,2,3527.29,0
3160,53,5,6779.3099999999995,2
3161,84,1,792.9,0
3162,111,2,2734.17,3
3163,15,6,5066.64,2
3164,99,5,6151.66,2
3165,78,8,8775.91,2
3166,48,7,9906.01,2
3167,74,4,5079.55,0
3168,92,5,7910.709999999999,2
3169,1,7,6806.93,2
3170,45,6,6884.95,2
3171,76,3,3111.56,0
3172,56,4,3093.31,0
3173,46,6,8425.04,2
3174,25,6,4986.21,2
3175,261,3,3044.7200000000003,3
3176,25,9,7167.2699999999995,2
3177,69,7,5174.7300000000005,2
3178,30,5,6357.4800000000005,2
3179,269,1,1148.64,3
3180,146,2,2298.81,3
3181,10,6,8160.14,2
3182,85,4,1732.02,0
3183,12,8,6607.77,2
3184,69,8,9258.6,1
3185,19,7,6809.12,2
3186,20,5,5875.91,2
3187,64,5,5489.099999999999,0
3188,117,5,3932.31,3
3189,57,2,200.7,0
3190,93,8,5692.24,2
3191,8,8,9402.43,1
3192,189,4,4871.5199999999995,3
3193,11,6,5155.41,2
3194,87,3,3691.67,0
3195,50,9,8409.64,1
3196,51,7,7505.92,2
3197,4,5,5284.57,0
3198,102,4,5693.18,0
3199,14,8,10703.79,1
3200,40,5,4865.6900000000005,0
3201,22,7,7757.7300000000005,2
3202,12,8,9341.0,1
3203,8,3,4714.8099999999995,0
3204,35,9,12368.289999999999,1
3205,97,6,6054.93,2
3206,76,7,7842.21,2
3207,82,5,3751.87,0
3208,54,8,9638.46,1
3209,10,4,3112.43,0
3210,10,5,3992.06,0
3211,36,3,3667.73,0
3212,100,8,13490.52,1
3213,69,5,4363.18,0
3214,69,4,4838.349999999999,0
3215,67,7,11950.24,1
3216,1,4,3366.82,0
3217,9,11,10733.56,1
3218,217,5,4886.1,3
3219,28,8,7191.65,2
3220,41,8,7616.3,2
3221,112,10,11562.03,1
3222,16,2,2179.35,0
3223,15,8,8793.49,1
3224,52,9,8518.72,1
3225,9,7,7505.34,2
3226,21,4,1217.42,0
3227,4,6,6029.25,2
3228,41,7,9815.41,2
3230,70,5,5698.38,2
3231,2,7,7562.51,2
3232,9,13,13451.28,1
3233,81,3,2477.0699999999997,0
3234,150,2,2358.0,3
3235,223,1,1163.89,3
3237,177,7,8413.77,3
3238,30,5,3916.44,0
3239,3,6,4374.75,0
3240,39,10,12357.57,1
3241,8,7,9518.2,2
3242,50,8,11452.82,1
3243,164,4,4005.26,3
3244,22,4,3578.91,0
3245,94,6,5577.43,2
3246,100,5,6186.950000000001,2
3247,45,8,7108.27,2
3248,59,4,3305.23,0
3249,34,8,12502.35,1
3250,86,6,4950.37,2
3251,8,11,9947.98,1
3252,19,7,5910.41,2
3253,6,3,4743.31,0
3254,32,7,7980.87,2
3255,3,6,7050.41,2
3256,13,10,12399.539999999999,1
3257,7,3,5121.28,0
3258,18,8,11196.13,1
3259,33,2,1027.94,0
3260,125,3,3833.56,3
3261,39,7,7410.33,2
3262,2,10,9899.64,1
3263,24,5,4721.62,0
3264,24,9,10978.33,1
3265,89,7,3458.83,2
3266,72,7,6947.21,2
3267,89,6,7867.97,2
3268,133,6,8610.78,2
3269,36,4,4857.44,0
3270,123,5,7135.8099999999995,2
3271,91,5,4571.639999999999,0
3272,296,1,569.56,3
3273,66,7,10472.26,1
3274,31,5,3450.3,0
3275,5,4,2826.83,0
3276,81,5,6419.18,2
3277,38,5,5868.16,2
3278,23,5,5194.07,0
3279,298,1,1071.23,3
3280,135,8,11763.69,1
3281,60,2,2044.08,0
3282,17,4,4534.85,0
3283,1,7,8875.03,2
3284,279,6,5886.76,3
3285,20,6,6515.55,2
3286,10,11,11050.25,1
3287,77,3,3694.7200000000003,0
3288,33,6,8748.24,2
3289,70,5,7683.389999999999,2
3290,3,8,9719.34,1
3291,47,4,3946.9500000000003,0
3292,302,1,60.34,3
3293,1,5,4716.33,0
3294,63,4,6769.75,0
3295,20,8,10279.81,1
3296,65,11,8887.0,1
3297,59,6,4162.96,0
3298,5,5,6502.58,2
3299,31,5,4560.97,0
3300,16,7,9878.11,1
3301,43,5,4630.47,0
3302,21,5,3954.1099999999997,0
3303,21,5,4834.35,0
3304,79,10,11128.31,1
3305,40,2,306.78999999999996,0
3306,41,5,6945.6,2
3307,17,5,6066.91,2
3308,68,3,3436.83,0
3309,25,5,5485.79,0
3310,52,5,5062.860000000001,0
3311,66,4,3921.49,0
3312,7,4,3943.69,0
3313,55,6,6335.93,2
3314,59,6,6475.13,2
3315,2,7,8032.110000000001,2
3316,21,2,2608.09,0
3317,88,4,3299.45,0
3318,152,4,5363.35,3
3319,23,7,7042.889999999999,2
3320,138,10,10109.98,1
3321,97,3,2952.52,0
3322,3,4,4598.49,0
3323,116,5,6500.54,2
3324,32,7,10846.51,1
3325,46,5,5709.18,2
3326,30,13,14078.19,1
3327,57,8,6320.06,2
3328,41,4,3511.62,0
3329,19,4,3348.29,0
3330,23,9,8960.72,1
3331,37,5,7702.42,2
3332,6,6,6577.57,2
3333,192,5,5296.389999999999,3
3334,74,8,5742.35,2
3335,4,7,5555.54,2
3336,75,6,9153.34,2
3337,7,8,8265.62,2
3338,5,4,2377.23,0
3339,39,6,4271.22,0
3340,114,6,6462.47,2
3341,50,4,3646.81,0
3342,101,7,6736.7,2
3343,79,6,6667.84,2
3344,11,7,6236.96,2
3345,32,5,3926.35,0
3346,49,3,2794.14,0
3347,108,5,5387.86,0
3348,130,3,2749.69,3
3349,222,5,6639.07,3
3350,39,6,9352.56,2
3351,40,6,7191.88,2
3352,31,7,5559.64,2
3353,31,7,5270.16,2
3354,183,2,3213.07,3
3355,1,6,5854.1,2
3356,5,5,6281.6900000000005,2
3357,36,4,3897.31,0
3358,38,7,7810.9,2
3359,98,5,3839.38,0
3360,58,8,6162.1900000000005,2
3361,45,6,8548.95,2
3362,87,3,1983.8400000000001,0
3363,5,6,6443.93,2
3364,121,5,5647.75,3
3365,72,6,5971.06,2
3366,45,4,4591.95,0
3367,83,6,8647.67,2
3368,30,5,5971.18,2
3369,77,6,6850.6900000000005,2
3370,43,7,7469.49,2
3371,42,9,8400.31,1
3372,32,6,7238.88,2
3373,45,5,6773.370000000001,2
3374,2,4,6246.4400000000005,0
3375,13,8,8710.18,1
3376,94,5,4239.54,0
3377,78,7,6701.91,2
3378,56,4,4651.77,0
3379,21,6,8165.43,2
3380,64,5,6088.51,2
3381,196,5,7129.37,3
3382,20,10,10347.49,1
3383,30,6,7014.41,2
3384,30,6,7402.02,2
3385,55,4,3317.72,0
3386,8,5,4407.639999999999,0
3387,83,8,10309.67,1
3388,26,8,9307.45,1
3389,55,6,6107.86,2
3390,19,5,6156.36,2
3391,20,5,3719.61,0
3392,75,1,574.64,0
3393,3,5,4896.49,0
3394,20,5,5926.59,2
3395,10,7,7852.11,2
3396,72,2,586.65,0
3397,90,2,2179.35,0
3398,66,5,4872.530000000001,0
3399,38,5,6052.6900000000005,2
3400,27,4,2797.13,0
3401,67,6,6768.02,2
3402,13,9,10700.79,1
3403,134,4,4516.0199999999995,3
3404,52,5,5162.17,0
3405,53,9,9157.710000000001,1
3406,47,10,12169.87,1
3407,19,8,8397.3,2
3408,23,5,4452.78,0
3409,74,7,7353.55,2
3410,242,3,2965.8900000000003,3
3411,31,7,11320.22,1
3412,45,4,5786.89,0
3413,26,4,6325.24,0
3414,163,3,4674.02,3
3415,62,6,8084.960000000001,2
3416,123,3,2184.42,3
3417,96,8,8566.05,2
3418,91,5,4643.87,0
3419,6,3,4108.62,0
3420,6,11,13885.45,1
3421,29,10,12000.2,1
3422,33,5,5634.98,0
3423,78,4,3061.5,0
3424,154,2,2940.52,3
3425,19,6,6287.46,2
3426,46,6,8405.57,2
3427,2,8,12523.17,1
3428,92,1,1274.93,0
3429,122,4,3323.9500000000003,3
3430,64,7,5809.24,2
3431,29,10,12673.97,1
3432,107,8,9201.85,2
3433,1,10,10471.84,1
3434,65,5,5720.52,2
3435,137,5,6384.02,3
3436,23,7,8090.11,2
3437,103,5,6930.87,2
3438,175,5,5208.01,3
3439,75,6,5868.21,2
3440,33,5,5026.7,0
3441,139,5,4864.98,3
3442,204,4,4629.6,3
3443,30,6,6729.01,2
3444,40,2,3281.0299999999997,0
3445,15,6,7992.1900000000005,2
3446,5,2,1028.53,0
3447,84,11,12339.37,1
3448,11,5,5257.04,0
3449,150,4,4223.1900000000005,3
3450,99,6,7360.77,2
3451,16,9,7139.17,2
3452,3,2,2808.6800000000003,0
3453,73,6,6294.04,2
3454,116,5,5561.38,3
3455,10,6,4674.13,2
3456,64,3,4206.89,0
3457,98,3,2726.46,0
3458,109,4,5141.16,0
3459,67,3,4164.04,0
3460,56,9,12544.76,1
3461,137,7,8401.21,2
3462,22,5,5392.75,0
3463,58,4,3021.68,0
3464,18,2,1891.06,0
3465,73,10,10063.64,1
3466,69,3,2421.71,0
3467,6,6,8292.41,2
3468,2,7,7428.03,2
3469,37,4,3712.6400000000003,0
3470,3,8,14126.25,1
3471,149,4,4637.4800000000005,3
3472,6,6,6900.7,2
3473,13,4,5487.64,0
3474,72,5,4654.08,0
3475,4,4,3785.92,0
3476,51,5,2254.2599999999998,0
3477,65,8,10212.17,1
3478,30,6,6445.49,2
3479,32,6,6015.17,2
3480,17,4,4659.76,0
3481,55,7,4988.41,2
3482,28,8,11842.05,1
3483,118,6,8078.03,2
3484,80,7,10169.77,2
3485,26,3,3163.31,0
3486,10,4,4722.08,0
3487,11,3,3715.32,0
3488,18,2,2167.79,0
3489,109,6,8300.15,2
3490,167,5,4739.7,3
3491,190,4,3151.67,3
3492,81,3,4141.43,0
3493,94,6,10053.82,2
3494,5,4,5122.71,0
3495,14,7,8626.65,2
3496,257,4,4725.38,3
3497,53,3,3744.0699999999997,0
3498,128,6,5177.0599999999995,3
3499,52,7,7673.4800000000005,2
3500,145,6,4922.41,3
5034,85,3,1519.92,0
